#EventID,Time,Latitude,Longitude,Depth/km,Magnitude,MagErr,Area,Type,Level
40759,2025-01-01 02:49:16.009,,,,-0.3,0.3,flegrei,earthquake,Bollettino
40761,2025-01-01 06:14:37.609,40.800667,14.1215,3.78,0.2,0.3,flegrei,earthquake,Bollettino
40764,2025-01-01 07:18:23.69,40.801167,14.126333,4.25,0.2,0.3,flegrei,earthquake,Bollettino
40765,2025-01-01 07:43:18.069,40.799333,14.124833,3.81,0.4,0.3,flegrei,earthquake,Bollettino
40766,2025-01-01 07:51:51.759,40.803333,14.123333,4.07,0.8,0.3,flegrei,earthquake,Bollettino
40767,2025-01-01 08:36:09.369,40.797167,14.124167,4.13,0.2,0.3,flegrei,earthquake,Bollettino
40786,2025-01-01 09:26:30.339,,,,-0.3,0.3,flegrei,earthquake,Bollettino
40768,2025-01-01 09:58:23.819,,,,-0.5,0.3,flegrei,earthquake,Bollettino
40787,2025-01-01 12:30:44.339,,,,-0.5,0.3,flegrei,earthquake,Bollettino
40769,2025-01-01 12:31:03.049,,,,-0.3,0.3,flegrei,earthquake,Bollettino
40788,2025-01-01 20:56:48.279,40.833667,14.132167,1.59,0.1,0.3,flegrei,earthquake,Bollettino
40771,2025-01-01 21:02:56.68,,,,-0.3,0.3,flegrei,earthquake,Bollettino
40772,2025-01-01 21:06:27.849,40.821167,14.1235,2.26,0.1,0.3,flegrei,earthquake,Bollettino
40798,2025-01-02 03:38:27.779,,,,-0.1,0.3,flegrei,earthquake,Bollettino
40779,2025-01-02 04:54:07.619,,,,-0.5,0.3,flegrei,earthquake,Bollettino
40781,2025-01-02 08:05:56.049,40.84,14.120333,2.57,-0.1,0.3,flegrei,earthquake,Bollettino
40799,2025-01-02 11:43:41.63,,,,-0.3,0.3,flegrei,earthquake,Bollettino
40800,2025-01-02 11:44:03.65,,,,-0.5,0.3,flegrei,earthquake,Bollettino
40783,2025-01-02 16:04:27.539,40.826333,14.092,2.38,1.8,0.3,flegrei,earthquake,Bollettino
40784,2025-01-02 16:30:40.72,40.825667,14.086333,2.73,0.4,0.3,flegrei,earthquake,Bollettino
40790,2025-01-03 03:31:37.829,40.827333,14.148333,1.59,-0.1,0.3,flegrei,earthquake,Bollettino
40817,2025-01-03 04:31:37.029,40.836,14.13,2.15,1.2,0.3,flegrei,earthquake,Bollettino
40792,2025-01-03 04:32:11.789,40.836667,14.1315,1.74,0.9,0.3,flegrei,earthquake,Bollettino
40793,2025-01-03 04:32:23.39,40.837167,14.106833,1.93,0.7,0.3,flegrei,earthquake,Bollettino
40795,2025-01-03 04:32:29.94,40.829,14.129333,0.79,0.2,0.3,flegrei,earthquake,Bollettino
40794,2025-01-03 04:33:07.589,40.836667,14.1295,1.96,0.8,0.3,flegrei,earthquake,Bollettino
40796,2025-01-03 07:29:33.109,40.825833,14.115,2.37,0.1,0.3,flegrei,earthquake,Bollettino
40804,2025-01-04 16:21:59.74,40.813,14.143,3.05,2,0.3,flegrei,earthquake,Bollettino
40818,2025-01-04 17:06:48.97,40.839,14.134333,2.12,0.1,0.3,flegrei,earthquake,Bollettino
40805,2025-01-05 04:39:13.69,,,,-0.5,0.3,flegrei,earthquake,Bollettino
40819,2025-01-05 06:00:59.99,40.834833,14.128833,1.72,-0.1,0.3,flegrei,earthquake,Bollettino
40820,2025-01-05 14:30:34.7,40.8305,14.1365,1.92,-0.1,0.3,flegrei,earthquake,Bollettino
40806,2025-01-05 16:02:30.47,40.804333,14.124833,2.92,0.1,0.3,flegrei,earthquake,Bollettino
40821,2025-01-05 19:13:41.519,40.829,14.140167,2,0.2,0.3,flegrei,earthquake,Bollettino
40822,2025-01-05 19:13:52.579,40.83,14.140833,2.14,0.4,0.3,flegrei,earthquake,Bollettino
40810,2025-01-06 19:54:33.94,40.827167,14.1415,1.79,0.8,0.3,flegrei,earthquake,Bollettino
40811,2025-01-06 20:17:16.96,40.833667,14.136,2.28,0.8,0.3,flegrei,earthquake,Bollettino
40823,2025-01-06 20:17:30.5,40.8315,14.138167,2.43,0.7,0.3,flegrei,earthquake,Bollettino
40824,2025-01-06 20:21:45.019,,,,-0.3,0.3,flegrei,earthquake,Bollettino
40812,2025-01-06 21:00:21.029,40.835333,14.140167,2.58,0.9,0.3,flegrei,earthquake,Bollettino
40813,2025-01-07 02:36:20.829,40.833167,14.136833,2.59,1.5,0.3,flegrei,earthquake,Bollettino
40814,2025-01-07 02:36:58.68,40.832333,14.135667,2.38,0.9,0.3,flegrei,earthquake,Bollettino
40834,2025-01-07 02:37:11.109,40.833,14.136667,1.88,0.2,0.3,flegrei,earthquake,Bollettino
40815,2025-01-07 02:37:43.14,40.833,14.135333,1.83,0.1,0.3,flegrei,earthquake,Bollettino
40835,2025-01-07 02:38:07.259,,,,,,flegrei,earthquake,Bollettino
40836,2025-01-07 02:38:32.309,,,,,,flegrei,earthquake,Bollettino
40837,2025-01-07 02:39:07.42,,,,,,flegrei,earthquake,Bollettino
40816,2025-01-07 02:39:25.509,40.833667,14.136667,2.3,0.1,0.3,flegrei,earthquake,Bollettino
40838,2025-01-07 02:39:52.369,40.834833,14.133167,1.92,-0.1,0.3,flegrei,earthquake,Bollettino
40826,2025-01-07 17:18:56.119,40.816667,14.146167,1.32,0.1,0.3,flegrei,earthquake,Bollettino
40825,2025-01-07 17:21:33.65,40.815667,14.143167,1.3,0.2,0.3,flegrei,earthquake,Bollettino
40833,2025-01-07 17:34:59.68,40.819667,14.152833,1.9,-0.1,0.3,flegrei,earthquake,Bollettino
40828,2025-01-08 01:21:35.25,40.833833,14.133667,1.7,-0.1,0.3,flegrei,earthquake,Bollettino
40846,2025-01-08 01:26:52.789,40.814333,14.149,1.7,-0.1,0.3,flegrei,earthquake,Bollettino
40830,2025-01-08 09:18:38.549,,,,,,flegrei,earthquake,Bollettino
40831,2025-01-08 09:31:50.7,40.833667,14.145,1.3,0.1,0.3,flegrei,earthquake,Bollettino
40839,2025-01-08 16:28:06.089,40.834333,14.1345,1.9,0.2,0.3,flegrei,earthquake,Bollettino
40840,2025-01-08 20:07:56.49,,,,,,flegrei,earthquake,Bollettino
40850,2025-01-08 20:07:58.68,,,,-0.1,0.3,flegrei,earthquake,Bollettino
40841,2025-01-08 20:08:31.16,40.823167,14.143333,1.49,-0.1,0.3,flegrei,earthquake,Bollettino
40842,2025-01-08 20:12:07.299,40.8235,14.141667,1.65,0.1,0.3,flegrei,earthquake,Bollettino
40843,2025-01-09 01:33:54.359,40.823333,14.119,0.9,-0.1,0.3,flegrei,earthquake,Bollettino
40844,2025-01-09 01:39:15.4,40.835833,14.130833,1.8,0.2,0.3,flegrei,earthquake,Bollettino
40851,2025-01-09 14:29:17.019,40.837,14.136833,2.28,0.5,0.3,flegrei,earthquake,Bollettino
40869,2025-01-09 18:14:27.65,,,,-0.5,0.3,flegrei,earthquake,Bollettino
40870,2025-01-09 18:15:03.099,,,,-0.3,0.3,flegrei,earthquake,Bollettino
40871,2025-01-09 18:15:19.96,40.8325,14.135,1.38,-0.3,0.3,flegrei,earthquake,Bollettino
40872,2025-01-09 18:15:48.759,40.832833,14.134833,1.2,-0.3,0.3,flegrei,earthquake,Bollettino
40853,2025-01-09 18:16:13.19,40.833,14.137333,1.79,0.2,0.3,flegrei,earthquake,Bollettino
40873,2025-01-09 18:16:16.98,40.832333,14.134833,1.47,0.4,0.3,flegrei,earthquake,Bollettino
40874,2025-01-09 18:16:34.97,,,,-0.1,0.3,flegrei,earthquake,Bollettino
40854,2025-01-09 18:17:56.75,40.832667,14.137833,1.92,0.5,0.3,flegrei,earthquake,Bollettino
40875,2025-01-09 19:54:42.529,,,,,,flegrei,earthquake,Bollettino
40855,2025-01-09 20:11:41.099,40.832,14.137833,1.89,0.2,0.3,flegrei,earthquake,Bollettino
40856,2025-01-09 20:14:43.13,40.8345,14.140167,1.58,0.1,0.3,flegrei,earthquake,Bollettino
40857,2025-01-09 20:46:12.569,40.8325,14.137333,1.6,0.1,0.3,flegrei,earthquake,Bollettino
40858,2025-01-09 21:26:36.309,,,,-0.3,0.3,flegrei,earthquake,Bollettino
40860,2025-01-09 21:43:20.65,40.8385,14.137,1.85,0.1,0.3,flegrei,earthquake,Bollettino
40859,2025-01-09 21:49:50.49,40.8415,14.1575,2.74,-0.1,0.3,flegrei,earthquake,Bollettino
40861,2025-01-09 22:19:10.44,40.836,14.135167,1.82,0.2,0.3,flegrei,earthquake,Bollettino
40862,2025-01-09 22:30:05.95,40.836667,14.1365,2.12,0.4,0.3,flegrei,earthquake,Bollettino
40863,2025-01-09 22:36:00.079,40.836167,14.136167,2.25,0.2,0.3,flegrei,earthquake,Bollettino
40864,2025-01-09 23:29:26.109,40.835667,14.133667,1.89,0.1,0.3,flegrei,earthquake,Bollettino
40909,2025-01-10 00:20:12.21,,,,-0.3,0.3,flegrei,earthquake,Bollettino
40865,2025-01-10 00:30:20.349,40.8315,14.134167,1.68,0.1,0.3,flegrei,earthquake,Bollettino
40910,2025-01-10 00:31:08.2,40.833167,14.140167,1.88,0.1,0.3,flegrei,earthquake,Bollettino
40911,2025-01-10 01:21:15.599,,,,-0.3,0.3,flegrei,earthquake,Bollettino
40912,2025-01-10 01:56:04.069,40.832,14.137667,1.95,-0.1,0.3,flegrei,earthquake,Bollettino
40913,2025-01-10 03:27:57.349,40.8315,14.137167,1.56,-0.1,0.3,flegrei,earthquake,Bollettino
40914,2025-01-10 04:35:56.259,40.823833,14.144667,1.08,0.2,0.3,flegrei,earthquake,Bollettino
40866,2025-01-10 05:56:04.369,40.832833,14.1395,2.2,0.7,0.3,flegrei,earthquake,Bollettino
40867,2025-01-10 06:17:38.599,40.831333,14.137667,1.86,0.6,0.3,flegrei,earthquake,Bollettino
40876,2025-01-10 16:13:29.559,40.8315,14.139833,2.14,0.5,0.3,flegrei,earthquake,Bollettino
40877,2025-01-10 17:17:17.23,40.831333,14.139,1.76,0.4,0.3,flegrei,earthquake,Bollettino
40915,2025-01-10 18:03:40.589,,,,-0.3,0.3,flegrei,earthquake,Bollettino
40916,2025-01-10 21:06:45.23,40.832833,14.137167,1.4,-0.1,0.3,flegrei,earthquake,Bollettino
40878,2025-01-10 21:49:38.349,,,,-0.3,0.3,flegrei,earthquake,Bollettino
40879,2025-01-10 22:15:12.299,,,,-0.3,0.3,flegrei,earthquake,Bollettino
40880,2025-01-11 01:26:37.38,40.8335,14.128333,1.73,0.4,0.3,flegrei,earthquake,Bollettino
40881,2025-01-11 01:37:34.049,40.836333,14.140833,0.84,0.4,0.3,flegrei,earthquake,Bollettino
40882,2025-01-11 15:21:19.91,40.832667,14.141667,1.87,0.4,0.3,flegrei,earthquake,Bollettino
40919,2025-01-11 16:02:10.5,40.832833,14.136667,1.94,0.1,0.3,flegrei,earthquake,Bollettino
40920,2025-01-11 17:21:38.39,40.826833,14.140167,1.22,0.1,0.3,flegrei,earthquake,Bollettino
40883,2025-01-11 17:55:32.269,40.825333,14.143833,0.73,0.4,0.3,flegrei,earthquake,Bollettino
40921,2025-01-11 20:20:18.099,,,,-0.3,0.3,flegrei,earthquake,Bollettino
40884,2025-01-12 05:05:37.259,,,,,,flegrei,earthquake,Bollettino
40885,2025-01-12 05:09:49.119,40.838167,14.121167,1.81,0.4,0.3,flegrei,earthquake,Bollettino
40887,2025-01-12 05:11:00.829,40.838833,14.12,1.66,0.2,0.3,flegrei,earthquake,Bollettino
40886,2025-01-12 05:21:13.71,,,,,,flegrei,earthquake,Bollettino
40888,2025-01-12 06:25:00.869,,,,-0.1,0.3,flegrei,earthquake,Bollettino
40889,2025-01-12 06:36:24.079,40.818833,14.153167,2.56,0.1,0.3,flegrei,earthquake,Bollettino
40890,2025-01-12 23:18:04.049,40.8075,14.138,3.5,1,0.3,flegrei,earthquake,Bollettino
40891,2025-01-13 00:36:25.41,40.8325,14.142667,2.76,1.5,0.3,flegrei,earthquake,Bollettino
40892,2025-01-13 00:36:28.4,40.832,14.136,1.83,1.3,0.3,flegrei,earthquake,Bollettino
40893,2025-01-13 06:47:22.089,40.8265,14.1375,1.8,0.4,0.3,flegrei,earthquake,Bollettino
40894,2025-01-13 06:50:40.17,,,,,,flegrei,earthquake,Bollettino
40897,2025-01-13 06:58:37,40.827,14.135167,1.87,1.1,0.3,flegrei,earthquake,Bollettino
40946,2025-01-13 07:00:30.93,,,,-0.1,0.3,flegrei,earthquake,Bollettino
40898,2025-01-13 07:00:39.779,40.826167,14.140167,1.66,0.1,0.3,flegrei,earthquake,Bollettino
40901,2025-01-13 07:00:53.109,40.826167,14.140167,1.73,0.8,0.3,flegrei,earthquake,Bollettino
40947,2025-01-13 07:01:29.22,,,,,,flegrei,earthquake,Bollettino
40900,2025-01-13 07:02:04.39,40.825333,14.141833,1.83,0.4,0.3,flegrei,earthquake,Bollettino
40899,2025-01-13 07:02:25.009,40.826833,14.141,1.74,0.4,0.3,flegrei,earthquake,Bollettino
40904,2025-01-13 07:02:42.619,40.826167,14.140667,1.79,0.5,0.3,flegrei,earthquake,Bollettino
40902,2025-01-13 07:02:49.17,40.8265,14.139167,1.61,0.1,0.3,flegrei,earthquake,Bollettino
40903,2025-01-13 07:02:56.099,40.826667,14.139333,1.73,0.5,0.3,flegrei,earthquake,Bollettino
40905,2025-01-13 07:03:08.73,40.825,14.140167,1.77,0.7,0.3,flegrei,earthquake,Bollettino
40907,2025-01-13 07:03:23.299,40.8245,14.138,1.71,0.1,0.3,flegrei,earthquake,Bollettino
40906,2025-01-13 07:03:47.799,,,,,,flegrei,earthquake,Bollettino
40895,2025-01-13 07:03:58.759,40.8265,14.140167,1.63,0.5,0.3,flegrei,earthquake,Bollettino
40908,2025-01-13 07:04:14.17,40.826667,14.140167,1.87,0.1,0.3,flegrei,earthquake,Bollettino
40918,2025-01-13 12:31:57.579,40.816,14.106,2.71,0.7,0.3,flegrei,earthquake,Bollettino
40922,2025-01-14 11:59:25.579,40.821667,14.137167,1.32,1.7,0.3,flegrei,earthquake,Bollettino
40948,2025-01-14 12:49:27.44,40.821167,14.140667,1.38,0.1,0.3,flegrei,earthquake,Bollettino
40923,2025-01-14 14:24:00.75,40.820333,14.138667,1.37,0.1,0.3,flegrei,earthquake,Bollettino
40924,2025-01-14 17:32:30.4,40.806,14.1165,2.99,0.9,0.3,flegrei,earthquake,Bollettino
40926,2025-01-14 23:43:12.289,40.814833,14.153333,3.06,0.4,0.3,flegrei,earthquake,Bollettino
40925,2025-01-14 23:43:36.45,,,,,,flegrei,earthquake,Bollettino
40927,2025-01-14 23:44:29.059,,,,-0.3,0.3,flegrei,earthquake,Bollettino
40928,2025-01-15 03:44:29.329,40.8245,14.143667,0.74,0.2,0.3,flegrei,earthquake,Bollettino
40929,2025-01-15 03:51:37.099,40.8255,14.142167,0.81,0.4,0.3,flegrei,earthquake,Bollettino
40930,2025-01-15 04:53:19.96,40.836333,14.086833,2.74,1.3,0.3,flegrei,earthquake,Bollettino
40931,2025-01-15 07:46:26.39,40.838333,14.136333,2.66,0.6,0.3,flegrei,earthquake,Bollettino
40932,2025-01-15 13:06:51.369,40.828167,14.1415,2.46,0.4,0.3,flegrei,earthquake,Bollettino
40933,2025-01-16 01:44:59.9,,,,-0.3,0.3,flegrei,earthquake,Bollettino
40934,2025-01-16 08:34:06.24,40.825667,14.147,1.23,-0.1,0.3,flegrei,earthquake,Bollettino
40935,2025-01-16 09:10:07.549,40.819667,14.154833,2.41,0.2,0.3,flegrei,earthquake,Bollettino
40936,2025-01-16 09:43:34.359,40.8205,14.153667,2.26,0.1,0.3,flegrei,earthquake,Bollettino
40937,2025-01-16 10:27:54.009,40.820333,14.1515,2.47,0.6,0.3,flegrei,earthquake,Bollettino
40938,2025-01-16 10:29:53.41,,,,-0.3,0.3,flegrei,earthquake,Bollettino
40939,2025-01-16 10:35:44.269,40.838167,14.127333,1.64,0.5,0.3,flegrei,earthquake,Bollettino
40940,2025-01-16 15:12:16.069,40.820333,14.140833,2.51,0.1,0.3,flegrei,earthquake,Bollettino
40941,2025-01-16 15:33:46.619,40.838667,14.138333,2.19,0.2,0.3,flegrei,earthquake,Bollettino
40943,2025-01-16 17:27:27.15,40.828833,14.143333,1.26,0.1,0.3,flegrei,earthquake,Bollettino
40942,2025-01-16 17:28:58.45,40.827,14.141667,0.88,0.2,0.3,flegrei,earthquake,Bollettino
40944,2025-01-16 21:30:46.819,40.84,14.116,2.28,0.4,0.3,flegrei,earthquake,Bollettino
40945,2025-01-16 23:51:01.7,40.809,14.153667,2.94,-0.3,0.3,flegrei,earthquake,Bollettino
40949,2025-01-17 15:15:28.049,40.825667,14.1455,0.91,0.4,0.3,flegrei,earthquake,Bollettino
40950,2025-01-17 16:53:21.759,40.83,14.134333,1.8,1.6,0.3,flegrei,earthquake,Bollettino
40951,2025-01-17 16:53:50.109,40.828167,14.135,1.72,3.3,0.3,flegrei,earthquake,Bollettino
40952,2025-01-17 16:54:14.25,40.826,14.136833,1.18,1.7,0.3,flegrei,earthquake,Bollettino
40953,2025-01-17 17:11:18.18,40.830167,14.142833,2.74,0.2,0.3,flegrei,earthquake,Bollettino
40954,2025-01-17 17:29:29,,,,-0.5,0.3,flegrei,earthquake,Bollettino
40956,2025-01-17 17:34:57.549,40.825,14.142167,0.41,0.2,0.3,flegrei,earthquake,Bollettino
40955,2025-01-17 17:37:04.299,40.8255,14.1415,0.81,0.7,0.3,flegrei,earthquake,Bollettino
40958,2025-01-17 18:04:59.15,,,,-0.3,0.3,flegrei,earthquake,Bollettino
40959,2025-01-17 18:10:55.329,40.825833,14.137667,0.71,0.2,0.3,flegrei,earthquake,Bollettino
40960,2025-01-17 19:34:52.93,40.83,14.1305,1.75,-0.1,0.3,flegrei,earthquake,Bollettino
40961,2025-01-17 23:47:14.809,40.825667,14.140167,0.96,0.4,0.3,flegrei,earthquake,Bollettino
40962,2025-01-18 01:54:59.66,,,,-0.1,0.3,flegrei,earthquake,Bollettino
40963,2025-01-18 02:00:37.849,40.825833,14.1345,1.72,0.1,0.3,flegrei,earthquake,Bollettino
40964,2025-01-18 05:35:53.299,40.826667,14.1185,2.23,0.4,0.3,flegrei,earthquake,Bollettino
40965,2025-01-18 09:04:42.789,,,,-0.5,0.3,flegrei,earthquake,Bollettino
40966,2025-01-18 16:58:43.17,40.818667,14.145167,0.25,2.8,0.3,flegrei,earthquake,Bollettino
40981,2025-01-18 17:14:28.99,,,,-0.3,0.3,flegrei,earthquake,Bollettino
40968,2025-01-18 17:24:03.21,40.819167,14.146667,0.5,1.2,0.3,flegrei,earthquake,Bollettino
40967,2025-01-18 17:25:31.19,40.819667,14.147167,0.38,1.5,0.3,flegrei,earthquake,Bollettino
40982,2025-01-18 17:26:26.44,,,,-0.1,0.3,flegrei,earthquake,Bollettino
40983,2025-01-18 17:27:21.25,,,,-0.1,0.3,flegrei,earthquake,Bollettino
40984,2025-01-18 17:30:04.809,,,,-0.3,0.3,flegrei,earthquake,Bollettino
40985,2025-01-18 22:04:20.47,,,,-0.1,0.3,flegrei,earthquake,Bollettino
40969,2025-01-18 22:23:35.43,40.821833,14.137333,1.67,0.7,0.3,flegrei,earthquake,Bollettino
40970,2025-01-18 22:24:41.18,40.820333,14.138833,1.19,0.2,0.3,flegrei,earthquake,Bollettino
40971,2025-01-19 01:19:26.22,40.827667,14.136833,1.75,-0.1,0.3,flegrei,earthquake,Bollettino
40972,2025-01-19 18:10:54.4,,,,-0.5,0.3,flegrei,earthquake,Bollettino
40973,2025-01-19 18:22:21.549,40.830167,14.139333,0.55,0.7,0.3,flegrei,earthquake,Bollettino
40974,2025-01-19 18:26:47.039,40.8255,14.134833,1.08,0.6,0.3,flegrei,earthquake,Bollettino
40975,2025-01-19 21:00:59.14,40.819333,14.153,2.9,0.9,0.3,flegrei,earthquake,Bollettino
40976,2025-01-19 21:38:56.9,40.821667,14.146167,1.45,0.2,0.3,flegrei,earthquake,Bollettino
41009,2025-01-20 00:38:34.7,40.827333,14.148667,1.08,-0.5,0.3,flegrei,earthquake,Bollettino
41010,2025-01-20 00:38:40.67,40.827167,14.153167,1.1,-0.1,0.3,flegrei,earthquake,Bollettino
40978,2025-01-20 04:47:50.099,40.826,14.1415,0.8,0.2,0.3,flegrei,earthquake,Bollettino
40979,2025-01-20 05:51:38.829,40.833833,14.137833,2.48,1.3,0.3,flegrei,earthquake,Bollettino
40980,2025-01-20 05:51:46.559,40.834833,14.135667,1.89,1,0.3,flegrei,earthquake,Bollettino
40993,2025-01-20 17:44:43,40.828167,14.128167,1.83,0.5,0.3,flegrei,earthquake,Bollettino
40999,2025-01-20 22:57:01.869,,,,-0.1,0.3,flegrei,earthquake,Bollettino
41000,2025-01-20 23:25:10.519,40.800833,14.142667,3.77,1.6,0.3,flegrei,earthquake,Bollettino
41002,2025-01-20 23:25:32.95,40.8065,14.1545,4.35,0.7,0.3,flegrei,earthquake,Bollettino
41003,2025-01-21 00:38:01.95,40.818333,14.155667,2.84,1.1,0.3,flegrei,earthquake,Bollettino
41004,2025-01-21 00:43:52.91,40.803833,14.150833,3.09,1.4,0.3,flegrei,earthquake,Bollettino
41005,2025-01-21 02:10:33.49,40.819,14.152667,2.85,0.1,0.3,flegrei,earthquake,Bollettino
41006,2025-01-21 03:37:40.319,40.8315,14.145833,1.6,-0.1,0.3,flegrei,earthquake,Bollettino
41007,2025-01-21 03:38:07.279,40.8315,14.146333,1.71,0.2,0.3,flegrei,earthquake,Bollettino
41013,2025-01-21 13:36:26.93,40.832833,14.1295,2.72,2.1,0.3,flegrei,earthquake,Bollettino
41014,2025-01-21 13:36:41.569,40.833833,14.129,2.38,1.1,0.3,flegrei,earthquake,Bollettino
41015,2025-01-21 13:36:52.349,40.833667,14.125833,1.94,0.2,0.3,flegrei,earthquake,Bollettino
41016,2025-01-21 13:37:02.16,40.8345,14.120333,2.68,0.2,0.3,flegrei,earthquake,Bollettino
41018,2025-01-21 13:37:24.64,40.8335,14.125667,2.31,0.4,0.3,flegrei,earthquake,Bollettino
41017,2025-01-21 14:11:44.519,40.833667,14.124833,1.78,0.4,0.3,flegrei,earthquake,Bollettino
41019,2025-01-21 14:17:57.16,40.834,14.124167,2.24,0.2,0.3,flegrei,earthquake,Bollettino
41020,2025-01-21 15:28:31.039,40.831167,14.1255,2.12,0.6,0.3,flegrei,earthquake,Bollettino
41021,2025-01-21 20:21:43.769,40.833667,14.1305,2.5,-0.1,0.3,flegrei,earthquake,Bollettino
41022,2025-01-21 20:48:33.069,40.8285,14.1435,1.92,0.1,0.3,flegrei,earthquake,Bollettino
41037,2025-01-22 00:38:29.24,,,,-0.5,0.3,flegrei,earthquake,Bollettino
41024,2025-01-22 00:38:35.17,,,,-0.5,0.3,flegrei,earthquake,Bollettino
41025,2025-01-22 00:52:43.789,40.8265,14.145167,0.88,0.1,0.3,flegrei,earthquake,Bollettino
41026,2025-01-22 00:53:46.88,40.8255,14.1445,0.64,0.2,0.3,flegrei,earthquake,Bollettino
41027,2025-01-22 02:19:13.18,40.824667,14.1425,1.64,1.5,0.3,flegrei,earthquake,Bollettino
41028,2025-01-22 02:34:05,40.823667,14.141667,1.39,0.1,0.3,flegrei,earthquake,Bollettino
41038,2025-01-22 02:34:09.44,40.824,14.143,1.25,0.1,0.3,flegrei,earthquake,Bollettino
41029,2025-01-22 02:35:13.819,,,,,,flegrei,earthquake,Bollettino
41039,2025-01-22 02:47:20,,,,-0.3,0.3,flegrei,earthquake,Bollettino
41030,2025-01-22 02:47:46.38,,,,-0.5,0.3,flegrei,earthquake,Bollettino
41031,2025-01-22 10:59:32.779,40.836833,14.123,2.66,1.4,0.3,flegrei,earthquake,Bollettino
41034,2025-01-22 11:50:13.609,40.819167,14.113833,2.81,0.7,0.3,flegrei,earthquake,Bollettino
41042,2025-01-22 21:56:45.91,40.824667,14.145167,1.87,-0.3,0.3,flegrei,earthquake,Bollettino
41043,2025-01-23 05:02:31.91,40.824667,14.1435,0.52,-0.1,0.3,flegrei,earthquake,Bollettino
41041,2025-01-23 05:50:12.5,40.819333,14.129167,2.27,-0.1,0.3,flegrei,earthquake,Bollettino
41046,2025-01-24 05:29:55.299,40.835333,14.123,2.31,1.9,0.3,flegrei,earthquake,Rivisto
41051,2025-01-24 16:47:32.46,40.834833,14.140167,2.93,0.6,0.3,flegrei,earthquake,Rivisto
41056,2025-01-24 21:45:23.099,40.8345,14.111833,2,0.9,0.3,flegrei,earthquake,Rivisto
41053,2025-01-24 21:46:24.019,40.836833,14.113333,2.95,2.2,0.3,flegrei,earthquake,Rivisto
41055,2025-01-24 21:46:35.809,40.848833,14.093833,0.28,0.8,0.3,flegrei,earthquake,Rivisto
41054,2025-01-24 22:00:08.319,40.835833,14.114,3.42,1.1,0.3,flegrei,earthquake,Rivisto
41057,2025-01-24 22:40:45.4,40.830333,14.1055,2.36,0,0.3,flegrei,earthquake,Rivisto
41058,2025-01-24 22:46:53.39,40.834,14.1135,2.82,0.8,0.3,flegrei,earthquake,Rivisto
41059,2025-01-24 22:47:01.68,40.8345,14.113167,3.14,1.2,0.3,flegrei,earthquake,Rivisto
41063,2025-01-24 22:47:11.23,40.836667,14.105667,0.56,0.4,0.3,flegrei,earthquake,Rivisto
41061,2025-01-24 23:11:39.4,40.822,14.140167,4.3,0.1,0.3,flegrei,earthquake,Rivisto
41062,2025-01-24 23:11:55.349,40.8028,14.1527,1.25,,,flegrei,earthquake,Automatico
41064,2025-01-25 01:58:42.609,40.8703,14.0581,8.45,,,flegrei,earthquake,Automatico
41065,2025-01-25 02:49:51.529,40.8335,14.0955,2.17,1.2,0.3,flegrei,earthquake,Rivisto
41066,2025-01-25 02:50:53.94,40.827667,14.112333,0.14,,,flegrei,earthquake,Automatico
41067,2025-01-25 03:33:05.41,40.806833,14.203167,1.29,,,flegrei,earthquake,Automatico
41068,2025-01-25 03:45:03.759,40.8043,14.1955,1.1,,,flegrei,earthquake,Automatico
41069,2025-01-25 03:46:06.25,40.8255,14.174667,1,,,flegrei,earthquake,Automatico
41070,2025-01-25 04:00:31.809,40.825,14.163333,1.89,,,flegrei,earthquake,Automatico
41071,2025-01-25 11:35:03.15,40.820333,14.154833,0.41,,,flegrei,earthquake,Automatico
41073,2025-01-26 02:49:14.059,40.814833,14.086833,3.72,0.5,0.3,flegrei,earthquake,Rivisto
41074,2025-01-26 04:06:13.72,40.8225,14.1445,0.03,,,flegrei,earthquake,Automatico
41075,2025-01-26 05:03:29.89,40.819667,14.138167,1.45,0.3,0.3,flegrei,earthquake,Rivisto
41078,2025-01-27 02:05:05.779,40.8515,14.093667,0.01,,,flegrei,earthquake,Automatico
41079,2025-01-27 02:06:28.019,40.8438,14.0277,2.3,,,flegrei,earthquake,Automatico
41087,2025-01-28 12:54:59.45,40.825,14.151667,1.23,0.1,0.3,flegrei,earthquake,Rivisto
41088,2025-01-28 15:29:24.2,40.813,14.090167,1,,,flegrei,earthquake,Automatico
41089,2025-01-28 18:25:04.569,40.826,14.088667,2.57,0.6,0.3,flegrei,earthquake,Rivisto
41090,2025-01-28 21:40:39.559,40.822833,14.1305,2.7,0.1,0.3,flegrei,earthquake,Rivisto
41091,2025-01-28 22:20:14.66,40.820333,14.1345,1.78,0.3,0.3,flegrei,earthquake,Rivisto
41092,2025-01-29 01:47:40.609,40.836833,14.151,1,,,flegrei,earthquake,Automatico
41093,2025-01-29 02:40:52.13,40.818167,14.131,2.71,0.7,0.3,flegrei,earthquake,Rivisto
41094,2025-01-29 02:41:05.69,40.822833,14.1325,2.31,0.5,0.3,flegrei,earthquake,Rivisto
41095,2025-01-29 05:23:48.869,40.824667,14.131167,1.06,0.3,0.3,flegrei,earthquake,Rivisto
41096,2025-01-29 07:14:32.609,40.828167,14.122,0.93,0.2,0.3,flegrei,earthquake,Rivisto
41099,2025-01-29 07:14:43.42,40.828,14.120333,0.91,0.4,0.3,flegrei,earthquake,Rivisto
41097,2025-01-29 07:17:35.18,40.811167,14.090333,1.01,,,flegrei,earthquake,Automatico
41098,2025-01-29 07:31:10.88,40.827833,14.122167,0.63,0.5,0.3,flegrei,earthquake,Rivisto
41100,2025-01-29 07:49:44.869,40.823667,14.127167,1,,,flegrei,earthquake,Automatico
41101,2025-01-29 07:58:00.18,40.829333,14.1245,2.52,0.6,0.3,flegrei,earthquake,Rivisto
41103,2025-01-29 11:20:50.819,40.825,14.132,1.72,0.8,0.3,flegrei,earthquake,Rivisto
41105,2025-01-29 17:13:08.049,40.801,14.161167,1,,,flegrei,earthquake,Automatico
41106,2025-01-29 17:28:54.18,40.842,14.1165,1,,,flegrei,earthquake,Automatico
41107,2025-01-29 19:37:36.109,41.0305,14.2677,2.38,,,flegrei,earthquake,Automatico
41108,2025-01-29 20:48:10.559,40.818333,14.113167,1,,,flegrei,earthquake,Automatico
41109,2025-01-29 21:06:10.17,40.824,14.1192,1.4,,,flegrei,earthquake,Automatico
41111,2025-01-29 23:11:36.9,40.812667,14.1325,0.97,0.3,0.3,flegrei,earthquake,Rivisto
41112,2025-01-30 01:24:25.64,40.8207,14.1567,0.58,,,flegrei,earthquake,Automatico
41113,2025-01-30 02:10:12.619,40.8235,14.143667,1.39,0.8,0.3,flegrei,earthquake,Rivisto
41115,2025-01-30 02:10:45.789,40.805,14.199,1,,,flegrei,earthquake,Automatico
41122,2025-01-30 17:14:15.68,40.8391,14.1953,0.02,,,flegrei,earthquake,Automatico
41123,2025-01-30 17:14:54.89,40.828667,14.210667,1,,,flegrei,earthquake,Automatico
41124,2025-01-30 17:20:52.609,40.828,14.140167,2.46,0.2,0.3,flegrei,earthquake,Rivisto
41125,2025-01-30 17:24:17.39,40.821833,14.120833,1,,,flegrei,earthquake,Automatico
41126,2025-01-30 17:31:03.089,40.818833,14.1445,0.62,,,flegrei,earthquake,Automatico
41127,2025-01-30 17:32:00.92,40.828167,14.140167,2.64,1,0.3,flegrei,earthquake,Rivisto
41129,2025-01-31 01:57:05.66,40.829,14.136833,0.06,,,flegrei,earthquake,Automatico
41131,2025-01-31 10:50:49.259,40.853,14.1261,1.37,,,flegrei,earthquake,Automatico
41132,2025-01-31 10:50:57.48,40.834167,14.127167,2.29,0.2,0.3,flegrei,earthquake,Rivisto
41137,2025-01-31 17:58:10.47,40.8745,14.031667,1.07,,,flegrei,earthquake,Automatico
41139,2025-01-31 19:53:40.43,40.779333,14.182,3.43,,,flegrei,earthquake,Automatico
41140,2025-01-31 21:11:57.99,40.8305,14.126,2.32,1.2,0.3,flegrei,earthquake,Rivisto
41141,2025-01-31 21:15:29.96,40.823,14.133,1,,,flegrei,earthquake,Automatico
41142,2025-01-31 21:16:25.309,40.947833,13.736333,0.87,,,flegrei,earthquake,Automatico
41143,2025-01-31 21:20:54.829,40.821167,14.135667,1.82,1.7,0.3,flegrei,earthquake,Rivisto
41144,2025-01-31 21:24:58.619,40.808,14.174667,1,,,flegrei,earthquake,Automatico
41145,2025-01-31 22:06:49.069,40.814667,14.163,1.01,,,flegrei,earthquake,Automatico
41146,2025-01-31 22:27:10.349,40.821667,14.145,1.86,,,flegrei,earthquake,Automatico
41147,2025-01-31 22:39:57.42,40.821167,14.136833,1.96,0.8,0.3,flegrei,earthquake,Rivisto
41149,2025-01-31 22:53:25.299,40.805167,14.174833,1.65,,,flegrei,earthquake,Automatico
41150,2025-01-31 22:53:53.109,40.8156,14.1615,0.25,,,flegrei,earthquake,Automatico
41153,2025-01-31 23:18:07.549,40.8275,14.137,1.7,0.4,0.3,flegrei,earthquake,Rivisto
41151,2025-01-31 23:21:30.059,40.822167,14.138,1.75,0.8,0.3,flegrei,earthquake,Rivisto
41152,2025-01-31 23:22:14.66,40.820333,14.142167,1.62,0.4,0.3,flegrei,earthquake,Rivisto
41162,2025-01-31 23:54:04.93,40.820333,14.139,1.65,0.8,0.3,flegrei,earthquake,Rivisto
41155,2025-01-31 23:54:37.91,40.821,14.138167,1,,,flegrei,earthquake,Automatico
41156,2025-01-31 23:58:45.269,40.806833,14.146167,1,,,flegrei,earthquake,Automatico
41157,2025-02-01 00:18:23.38,40.789667,14.085667,1,,,flegrei,earthquake,Automatico
41158,2025-02-01 00:18:38.299,40.8175,14.174,0.48,,,flegrei,earthquake,Automatico
41159,2025-02-01 00:26:25.519,40.9278,14.3845,4.62,,,flegrei,earthquake,Automatico
41160,2025-02-01 00:33:19.059,40.818333,14.136333,1.67,,,flegrei,earthquake,Automatico
41161,2025-02-01 00:33:41.14,41.196833,14.593,0.99,,,flegrei,earthquake,Automatico
41163,2025-02-01 02:57:52.99,40.811167,14.161833,1,,,flegrei,earthquake,Automatico
41165,2025-02-01 04:08:40.66,40.8335,14.155667,1,,,flegrei,earthquake,Automatico
41166,2025-02-01 06:12:10.859,40.831333,14.147333,2.9,0.8,0.3,flegrei,earthquake,Rivisto
41167,2025-02-01 06:12:42.69,40.8425,14.218,1,,,flegrei,earthquake,Automatico
41168,2025-02-01 06:12:55.559,40.831333,14.151667,2.84,0.5,0.3,flegrei,earthquake,Rivisto
41194,2025-02-01 06:13:45.24,40.832833,14.1455,2.46,0.3,0.3,flegrei,earthquake,Rivisto
41169,2025-02-01 06:13:54.48,40.913667,14.191167,0.35,,,flegrei,earthquake,Automatico
41170,2025-02-01 06:14:09.17,40.814167,14.148333,2.13,,,flegrei,earthquake,Automatico
41184,2025-02-01 06:14:18.579,40.831333,14.145667,2.62,1,0.3,flegrei,earthquake,Rivisto
41185,2025-02-01 06:14:38.64,40.8265,14.1425,1.37,0.5,0.3,flegrei,earthquake,Rivisto
41171,2025-02-01 06:15:02.519,40.831333,14.144,2.49,0.6,0.3,flegrei,earthquake,Rivisto
41195,2025-02-01 06:15:27.599,40.832167,14.146,2.31,0.3,0.3,flegrei,earthquake,Rivisto
41172,2025-02-01 06:16:18.779,40.832667,14.148667,2.38,0.1,0.3,flegrei,earthquake,Rivisto
41193,2025-02-01 06:16:26.45,40.8295,14.1405,2.31,0.3,0.3,flegrei,earthquake,Rivisto
41173,2025-02-01 06:16:40.73,40.8355,14.149833,2.56,1.2,0.3,flegrei,earthquake,Rivisto
41174,2025-02-01 06:17:52.259,40.836333,14.135833,1,,,flegrei,earthquake,Automatico
41175,2025-02-01 06:18:13.68,40.832667,14.150333,2.63,2.2,0.3,flegrei,earthquake,Rivisto
41188,2025-02-01 06:19:34.42,40.830833,14.144333,2,0.1,0.3,flegrei,earthquake,Rivisto
41176,2025-02-01 06:20:08.849,40.834833,14.146833,2.85,1,0.3,flegrei,earthquake,Rivisto
41177,2025-02-01 06:22:46.95,40.8269,14.1486,0.5,,,flegrei,earthquake,Automatico
41178,2025-02-01 06:24:43.829,40.8255,14.159167,0.8,,,flegrei,earthquake,Automatico
41179,2025-02-01 06:27:04.13,40.834333,14.135667,1.67,0.3,0.3,flegrei,earthquake,Rivisto
41180,2025-02-01 06:28:41.63,40.831333,14.139667,1.96,0.3,0.3,flegrei,earthquake,Rivisto
41181,2025-02-01 06:31:33.64,41.2025,14.121833,0.73,,,flegrei,earthquake,Automatico
41182,2025-02-01 06:53:28.13,40.8285,14.1275,2.3,1.1,0.3,flegrei,earthquake,Rivisto
41183,2025-02-01 06:58:59.21,40.990833,14.4225,1.05,,,flegrei,earthquake,Automatico
41187,2025-02-01 07:31:42.74,40.9921,14.2989,2.58,,,flegrei,earthquake,Automatico
41190,2025-02-01 08:42:33.45,40.825,14.1425,0.72,0.2,0.3,flegrei,earthquake,Rivisto
41189,2025-02-01 08:42:45.769,40.828833,14.140333,1.14,0.2,0.2,flegrei,earthquake,Rivisto
41191,2025-02-01 09:06:34.329,40.835667,14.138833,2.14,0.4,0.3,flegrei,earthquake,Rivisto
41192,2025-02-01 09:34:44.16,40.823,14.144167,0.55,,,flegrei,earthquake,Automatico
41197,2025-02-01 14:54:46.809,40.832833,14.14,2.15,0.1,0.3,flegrei,earthquake,Rivisto
41196,2025-02-01 14:56:11.869,40.819,14.135667,1.33,0.2,0.3,flegrei,earthquake,Rivisto
41198,2025-02-01 20:22:11.809,40.5709,14.4196,2.03,,,flegrei,earthquake,Automatico
41199,2025-02-01 22:06:18.319,40.8225,14.149,1.28,0.4,0.3,flegrei,earthquake,Rivisto
41200,2025-02-01 22:15:53.759,40.821833,14.156333,1.42,,,flegrei,earthquake,Automatico
41201,2025-02-01 23:00:30.309,40.824,14.149,1.46,0.8,0.3,flegrei,earthquake,Rivisto
41202,2025-02-01 23:41:31.74,40.812333,14.179667,0.96,,,flegrei,earthquake,Automatico
41203,2025-02-02 01:07:23.569,40.8225,14.146,1.93,0.2,0.3,flegrei,earthquake,Rivisto
41206,2025-02-02 03:40:32.7,40.8345,14.148667,1.57,,,flegrei,earthquake,Automatico
41207,2025-02-02 04:26:42.24,40.830833,14.174833,1,,,flegrei,earthquake,Automatico
41209,2025-02-02 10:21:58.49,40.8815,14.1859,0.55,,,flegrei,earthquake,Automatico
41210,2025-02-02 10:23:31.21,40.8945,14.3504,2.25,,,flegrei,earthquake,Automatico
41211,2025-02-02 11:45:26.2,40.814333,14.109167,3.49,0.8,0.3,flegrei,earthquake,Rivisto
41212,2025-02-02 12:36:11.579,40.818167,14.168167,1,,,flegrei,earthquake,Automatico
41213,2025-02-02 14:37:23.769,40.824167,14.150333,1.36,0.6,0.3,flegrei,earthquake,Rivisto
41214,2025-02-02 14:46:27.519,40.8235,14.149,1,0.2,0.3,flegrei,earthquake,Rivisto
41215,2025-02-02 17:08:09.079,40.838,14.138167,3.07,0.2,0.3,flegrei,earthquake,Rivisto
41216,2025-02-02 17:14:24.65,40.818,14.146833,0.32,,,flegrei,earthquake,Automatico
41217,2025-02-02 18:15:28.96,40.8345,14.140167,2.28,0.7,0.3,flegrei,earthquake,Rivisto
41218,2025-02-02 18:17:30.579,40.824333,14.152333,1.39,0.4,0.3,flegrei,earthquake,Rivisto
41219,2025-02-02 18:26:59.71,40.832833,14.1605,0.1,,,flegrei,earthquake,Automatico
41220,2025-02-03 03:18:07.759,40.8465,14.087833,1,,,flegrei,earthquake,Automatico
41221,2025-02-03 04:42:27.089,40.817833,14.144167,0.93,,,flegrei,earthquake,Automatico
41222,2025-02-03 05:20:49.329,40.811833,14.163667,2.59,,,flegrei,earthquake,Automatico
41225,2025-02-03 08:29:49,40.835333,14.142167,2.56,0.3,0.3,flegrei,earthquake,Rivisto
41223,2025-02-03 08:36:08.93,40.7223,13.894,2.07,,,flegrei,earthquake,Automatico
41224,2025-02-03 08:41:40.779,40.814833,14.1765,1,,,flegrei,earthquake,Automatico
41226,2025-02-03 09:14:25.809,40.818667,14.146667,0.46,,,flegrei,earthquake,Automatico
41227,2025-02-03 09:21:51.4,40.6807,14.1901,1.61,,,flegrei,earthquake,Automatico
41232,2025-02-03 12:40:15.289,40.822,14.139167,1.36,0.5,0.3,flegrei,earthquake,Rivisto
41233,2025-02-03 12:51:56.529,40.8315,14.143833,3.01,0.4,0.3,flegrei,earthquake,Rivisto
41234,2025-02-03 16:28:35.72,40.831333,14.151667,1.8,0.1,0.3,flegrei,earthquake,Rivisto
41235,2025-02-03 19:06:35.059,40.803833,14.109667,2.71,1.4,0.3,flegrei,earthquake,Rivisto
41236,2025-02-03 19:10:35.93,40.805167,14.105833,1,,,flegrei,earthquake,Automatico
41237,2025-02-03 20:02:57.9,40.832833,14.124667,1.95,0.7,0.3,flegrei,earthquake,Rivisto
41238,2025-02-03 20:35:31.609,40.8243,14.0948,0.24,,,flegrei,earthquake,Automatico
41239,2025-02-03 21:42:00.63,40.8467,14.1413,0.77,,,flegrei,earthquake,Automatico
41240,2025-02-03 21:42:24.359,40.814833,14.177,1,,,flegrei,earthquake,Automatico
41241,2025-02-04 00:12:07.799,40.806,14.106,1,,,flegrei,earthquake,Automatico
41242,2025-02-04 00:33:54.48,40.820333,14.157833,2.83,0.1,0.3,flegrei,earthquake,Rivisto
41243,2025-02-04 00:39:18.339,40.84,14.137667,1.13,,,flegrei,earthquake,Automatico
41244,2025-02-04 00:50:56.5,40.833,14.146833,1.82,0.4,0.3,flegrei,earthquake,Rivisto
41245,2025-02-04 00:51:17.98,40.8396,14.2924,2.92,,,flegrei,earthquake,Automatico
41246,2025-02-04 00:53:29.16,40.8295,14.1425,1.36,0.8,0.3,flegrei,earthquake,Rivisto
41247,2025-02-04 01:14:03.21,40.833167,14.137167,1,,,flegrei,earthquake,Automatico
41249,2025-02-04 03:25:26.109,40.833,14.094833,2.13,1.2,0.3,flegrei,earthquake,Rivisto
41250,2025-02-04 03:47:42.549,40.828333,14.095167,2.04,0.9,0.3,flegrei,earthquake,Rivisto
41252,2025-02-04 09:22:51.74,40.783833,14.093167,5.58,,,flegrei,earthquake,Automatico
41260,2025-02-04 13:30:23.21,40.795333,14.053167,0.63,,,flegrei,earthquake,Automatico
41274,2025-02-04 20:59:14.25,40.830833,14.148667,2.25,0.5,0.3,flegrei,earthquake,Rivisto
41275,2025-02-04 22:55:24.43,40.8153,14.0901,0.38,,,flegrei,earthquake,Automatico
41276,2025-02-04 23:08:45,40.663,13.816167,0.01,,,flegrei,earthquake,Automatico
41277,2025-02-05 06:15:28.88,40.826833,14.142167,2.22,0.1,0.3,flegrei,earthquake,Rivisto
41278,2025-02-05 06:23:32.91,40.8185,14.1175,1,,,flegrei,earthquake,Automatico
41279,2025-02-05 06:49:00.63,40.831833,14.148667,1.26,,,flegrei,earthquake,Automatico
41280,2025-02-05 06:53:42.829,40.821333,14.159667,0.31,,,flegrei,earthquake,Automatico
41281,2025-02-05 07:03:34.63,40.8285,14.132333,1.76,0.3,0.3,flegrei,earthquake,Rivisto
41284,2025-02-05 07:06:56.869,40.831333,14.143667,2,0.4,0.3,flegrei,earthquake,Rivisto
41286,2025-02-05 07:08:33.65,40.8255,14.1405,1.65,0.4,0.3,flegrei,earthquake,Rivisto
41293,2025-02-05 07:10:08.569,40.828833,14.149,1.67,0.3,0.3,flegrei,earthquake,Rivisto
41282,2025-02-05 07:11:48.809,40.8275,14.144,2.1,1.1,0.3,flegrei,earthquake,Bollettino
41283,2025-02-05 07:14:37.309,40.828,14.138333,2.03,0.7,0.3,flegrei,earthquake,Rivisto
41285,2025-02-05 07:17:20.2,40.828333,14.145833,2.12,1,0.3,flegrei,earthquake,Bollettino
41287,2025-02-05 07:19:21.519,40.829,14.146333,2.82,0.7,0.3,flegrei,earthquake,Rivisto
41309,2025-02-05 07:20:44.779,40.827333,14.144167,1.72,0.6,0.3,flegrei,earthquake,Rivisto
41288,2025-02-05 07:21:44.68,40.828333,14.1475,2.97,1.4,0.3,flegrei,earthquake,Rivisto
41290,2025-02-05 07:23:06.119,40.829333,14.148667,2.94,1.4,0.3,flegrei,earthquake,Rivisto
41291,2025-02-05 07:23:48.319,40.8075,14.096667,1,,,flegrei,earthquake,Automatico
41294,2025-02-05 07:25:56.92,40.829667,14.145667,2.15,1.3,0.3,flegrei,earthquake,Rivisto
41295,2025-02-05 07:26:23.17,40.8265,14.142333,2.06,1.2,0.3,flegrei,earthquake,Rivisto
41296,2025-02-05 07:27:38.41,40.828333,14.1485,2.2,0.3,0.3,flegrei,earthquake,Rivisto
41297,2025-02-05 07:28:06.299,40.827667,14.145333,2.59,0.5,0.3,flegrei,earthquake,Rivisto
41362,2025-02-05 07:29:16.779,40.827,14.138,1.75,0.3,0.3,flegrei,earthquake,Rivisto
41298,2025-02-05 07:30:57.299,40.829333,14.151667,2.68,0.8,0.3,flegrei,earthquake,Rivisto
41299,2025-02-05 07:30:57.349,40.829833,14.148667,2.8,2.1,0.3,flegrei,earthquake,Rivisto
41300,2025-02-05 07:32:17.769,40.830333,14.148667,2.52,2.6,0.3,flegrei,earthquake,Bollettino
41303,2025-02-05 07:34:59.039,40.6987,14.0886,3.41,,,flegrei,earthquake,Automatico
41304,2025-02-05 07:35:24.309,40.8275,14.144833,2.46,1.6,0.3,flegrei,earthquake,Rivisto
41325,2025-02-05 07:35:53.859,40.831333,14.147833,2.52,1.4,0.3,flegrei,earthquake,Rivisto
41305,2025-02-05 07:36:55.21,40.853,14.1525,0.53,,,flegrei,earthquake,Automatico
41306,2025-02-05 07:37:13.779,40.827833,14.141667,0,,,flegrei,earthquake,Automatico
41307,2025-02-05 07:37:24.2,40.834,14.152333,2.14,1.8,0.3,flegrei,earthquake,Rivisto
41308,2025-02-05 07:37:55.43,40.829,14.143333,2.75,1.9,0.3,flegrei,earthquake,Rivisto
41326,2025-02-05 07:38:39.529,40.824833,14.144167,1.56,1,0.3,flegrei,earthquake,Rivisto
41310,2025-02-05 07:39:31.279,40.828333,14.149,2.79,0.8,0.3,flegrei,earthquake,Rivisto
41311,2025-02-05 07:39:46.039,40.827167,14.1425,1.72,0.6,0.3,flegrei,earthquake,Rivisto
41312,2025-02-05 07:40:23.859,40.828833,14.141167,1.88,0.6,0.3,flegrei,earthquake,Rivisto
41313,2025-02-05 07:40:49.829,40.821667,14.165667,0.4,,,flegrei,earthquake,Automatico
41314,2025-02-05 07:41:02.789,40.827,14.152333,2.76,,,flegrei,earthquake,Automatico
41315,2025-02-05 07:41:08.45,40.827667,14.15,2.73,1.8,0.3,flegrei,earthquake,Rivisto
41316,2025-02-05 07:41:43.619,40.8295,14.142333,2.29,1.7,0.3,flegrei,earthquake,Rivisto
41344,2025-02-05 07:42:09.67,40.826333,14.149167,3.17,0.5,0.3,flegrei,earthquake,Rivisto
41348,2025-02-05 07:42:38.759,40.820333,14.138667,1.61,0.5,0.3,flegrei,earthquake,Rivisto
41317,2025-02-05 07:43:29.059,40.831333,14.151667,2.52,0.9,0.3,flegrei,earthquake,Rivisto
41360,2025-02-05 07:43:50.759,40.829667,14.151667,2.82,0.7,0.3,flegrei,earthquake,Rivisto
41319,2025-02-05 07:44:45.039,40.829333,14.148667,2.82,0.9,0.3,flegrei,earthquake,Rivisto
41318,2025-02-05 07:44:45.089,40.83,14.149333,2.87,0.1,0.3,flegrei,earthquake,Rivisto
41320,2025-02-05 07:45:34.609,40.829167,14.142167,2,0.1,0.3,flegrei,earthquake,Rivisto
41321,2025-02-05 07:48:09.7,40.836167,14.224333,1,,,flegrei,earthquake,Automatico
41322,2025-02-05 07:51:38.809,40.9658,14.0787,1.44,,,flegrei,earthquake,Automatico
41323,2025-02-05 07:51:49.97,40.8332,14.3301,0.88,,,flegrei,earthquake,Automatico
41324,2025-02-05 07:52:02.91,40.829333,14.151667,2.67,3.1,0.3,flegrei,earthquake,Rivisto
41349,2025-02-05 07:53:33.2,40.822833,14.149,2.56,0.4,0.3,flegrei,earthquake,Rivisto
41338,2025-02-05 07:54:03.599,40.831333,14.143667,2.11,0.5,0.3,flegrei,earthquake,Rivisto
41327,2025-02-05 07:55:25.289,40.837,14.172333,1,,,flegrei,earthquake,Automatico
41328,2025-02-05 07:55:45.769,40.826333,14.147333,2.84,0.1,0.3,flegrei,earthquake,Rivisto
41329,2025-02-05 07:56:30.259,40.831167,14.1655,2.96,,,flegrei,earthquake,Automatico
41330,2025-02-05 07:57:03.7,40.827667,14.145833,2.89,1.1,0.3,flegrei,earthquake,Rivisto
41331,2025-02-05 07:57:50.819,40.8815,14.154,1.05,,,flegrei,earthquake,Automatico
41332,2025-02-05 07:59:44.839,40.833,14.148667,1.8,0.2,0.3,flegrei,earthquake,Rivisto
41351,2025-02-05 08:04:37.839,40.824833,14.1485,1,0.4,0.3,flegrei,earthquake,Rivisto
41333,2025-02-05 08:08:28.45,40.829667,14.188667,1,,,flegrei,earthquake,Automatico
41334,2025-02-05 08:10:40.779,40.830833,14.1535,2.79,1.9,0.3,flegrei,earthquake,Rivisto
41335,2025-02-05 08:14:00.059,40.828,14.146833,0.28,0.4,0.3,flegrei,earthquake,Rivisto
41336,2025-02-05 08:14:45.67,40.825667,14.155,1.47,,,flegrei,earthquake,Automatico
41339,2025-02-05 08:20:56.7,40.8215,14.155333,1.59,0.4,0.3,flegrei,earthquake,Rivisto
41342,2025-02-05 08:22:43.519,40.824667,14.124,0.69,0.6,0.3,flegrei,earthquake,Rivisto
41340,2025-02-05 08:24:29.589,40.827333,14.145167,2.09,1,0.3,flegrei,earthquake,Rivisto
41343,2025-02-05 08:31:57.13,40.826333,14.146667,1.64,0.5,0.3,flegrei,earthquake,Rivisto
41345,2025-02-05 08:32:44.589,40.828333,14.146333,0.59,0.7,0.3,flegrei,earthquake,Rivisto
41346,2025-02-05 08:33:19.88,40.825833,14.146,1.68,1,0.3,flegrei,earthquake,Rivisto
41347,2025-02-05 08:34:07.509,40.821333,14.2145,1,,,flegrei,earthquake,Automatico
41356,2025-02-05 08:39:12.19,40.830167,14.144833,1.74,0.3,0.3,flegrei,earthquake,Rivisto
41361,2025-02-05 08:41:00.4,40.831,14.148167,3.13,0.1,0.3,flegrei,earthquake,Rivisto
41352,2025-02-05 08:42:05.609,40.827,14.1465,1.79,0,0.3,flegrei,earthquake,Rivisto
41353,2025-02-05 08:42:51.22,40.8195,14.180667,3.28,,,flegrei,earthquake,Automatico
41354,2025-02-05 08:48:52.309,40.8265,14.138833,1.23,0.5,0.3,flegrei,earthquake,Rivisto
41355,2025-02-05 08:49:13.559,40.8245,14.143833,2.59,0.3,0.3,flegrei,earthquake,Rivisto
41358,2025-02-05 09:00:38.75,40.830667,14.2175,1,,,flegrei,earthquake,Automatico
41359,2025-02-05 09:01:33.5,40.830667,14.491833,0.82,,,flegrei,earthquake,Automatico
41364,2025-02-05 09:06:34.65,40.8345,14.157,1.2,,,flegrei,earthquake,Automatico
41366,2025-02-05 09:11:25.849,40.825833,14.147167,1.7,0.4,0.3,flegrei,earthquake,Rivisto
41365,2025-02-05 09:15:05.099,40.854833,14.124167,1,,,flegrei,earthquake,Automatico
41368,2025-02-05 09:18:03.42,40.829167,14.146,2.86,0.3,0.3,flegrei,earthquake,Rivisto
41369,2025-02-05 09:39:51.089,40.8377,14.193,0.25,,,flegrei,earthquake,Automatico
41370,2025-02-05 09:40:48.779,40.822833,14.191667,1,,,flegrei,earthquake,Automatico
41371,2025-02-05 09:40:56.079,40.8131,14.2607,4.39,,,flegrei,earthquake,Automatico
41375,2025-02-05 09:40:57.13,40.820333,14.143667,2.57,0.9,0.3,flegrei,earthquake,Rivisto
41372,2025-02-05 09:43:13.42,40.823,14.161333,1,,,flegrei,earthquake,Automatico
41374,2025-02-05 09:43:50.819,40.826167,14.151667,1.54,1.1,0.3,flegrei,earthquake,Rivisto
41373,2025-02-05 09:45:12.119,40.822,14.173,1.01,,,flegrei,earthquake,Automatico
41376,2025-02-05 10:00:32.619,40.8285,14.148833,2.58,2.7,0.3,flegrei,earthquake,Rivisto
41377,2025-02-05 10:01:45.049,40.824,14.143167,1,0.1,0.3,flegrei,earthquake,Rivisto
41379,2025-02-05 10:02:17.039,40.831333,14.144,2.56,0,0.3,flegrei,earthquake,Rivisto
41378,2025-02-05 10:03:30.279,40.828167,14.144833,1.85,0.3,0.3,flegrei,earthquake,Rivisto
41380,2025-02-05 10:16:08.369,40.835,14.2159,0.25,,,flegrei,earthquake,Automatico
41381,2025-02-05 10:36:01.289,41.0305,13.604667,0.99,,,flegrei,earthquake,Automatico
41382,2025-02-05 10:39:54.829,40.834,14.137,0.05,,,flegrei,earthquake,Automatico
41386,2025-02-05 11:47:38.059,40.831333,14.148333,2.85,0.7,0.3,flegrei,earthquake,Rivisto
41383,2025-02-05 11:48:51.69,40.829,14.148667,2.3,0.8,0.3,flegrei,earthquake,Rivisto
41384,2025-02-05 11:54:40.64,40.826833,14.141167,1.11,0.8,0.3,flegrei,earthquake,Rivisto
41385,2025-02-05 11:54:56.46,40.824,14.143167,0.65,0.3,0.3,flegrei,earthquake,Rivisto
41387,2025-02-05 13:05:30.14,40.848667,14.256167,0.38,,,flegrei,earthquake,Automatico
41388,2025-02-05 13:42:58.569,40.6186,13.9016,1.72,,,flegrei,earthquake,Automatico
41389,2025-02-05 14:00:19.14,40.818,14.141667,0.82,0.2,0.3,flegrei,earthquake,Rivisto
41390,2025-02-05 14:06:40.069,40.828167,14.141,1.3,0.2,0.3,flegrei,earthquake,Rivisto
41391,2025-02-05 14:06:44.779,40.8275,14.142667,1.34,0.6,0.3,flegrei,earthquake,Rivisto
41392,2025-02-05 15:24:14,40.795167,14.216667,0.52,,,flegrei,earthquake,Automatico
41393,2025-02-05 16:54:36.71,40.66,14.179833,1.03,,,flegrei,earthquake,Automatico
41394,2025-02-05 16:55:45.69,40.8245,14.152167,1.27,0.1,0.3,flegrei,earthquake,Rivisto
41395,2025-02-05 18:30:48.759,40.8245,14.153667,1.41,0.1,0.3,flegrei,earthquake,Rivisto
41398,2025-02-05 18:32:30.75,40.824167,14.1465,1.24,0.4,0.3,flegrei,earthquake,Rivisto
41396,2025-02-05 18:34:58.369,40.823833,14.149,1.19,0.4,0.3,flegrei,earthquake,Rivisto
41397,2025-02-05 18:35:22.21,40.824,14.149,1.27,0.3,0.3,flegrei,earthquake,Rivisto
41399,2025-02-05 18:42:36.93,40.824167,14.1495,1.24,0.6,0.3,flegrei,earthquake,Rivisto
41400,2025-02-05 18:42:55.039,40.825667,14.1235,1.69,,,flegrei,earthquake,Automatico
41401,2025-02-05 20:15:21.599,40.6775,14.495333,2.14,,,flegrei,earthquake,Automatico
41402,2025-02-05 21:59:04.849,40.662333,13.999167,1,,,flegrei,earthquake,Automatico
41403,2025-02-05 22:04:20.029,40.822833,14.149333,0.12,,,flegrei,earthquake,Automatico
41404,2025-02-05 22:47:07.359,40.8387,14.1731,0.16,,,flegrei,earthquake,Automatico
41405,2025-02-05 23:20:09.23,40.8328,14.1724,0.85,,,flegrei,earthquake,Automatico
41408,2025-02-06 00:14:08.039,40.824667,14.151667,1.42,0.2,0.3,flegrei,earthquake,Rivisto
41406,2025-02-06 00:16:06.829,40.8245,14.1525,1.32,0.3,0.3,flegrei,earthquake,Rivisto
41407,2025-02-06 00:21:47.779,40.828667,14.156833,1.58,0.3,0.3,flegrei,earthquake,Rivisto
41409,2025-02-06 03:47:05.519,40.825667,14.1435,2.67,0.1,0.3,flegrei,earthquake,Rivisto
41410,2025-02-06 05:22:55.329,40.821667,14.15,0.71,,,flegrei,earthquake,Automatico
41411,2025-02-06 05:39:40.92,40.815167,14.154833,0.75,,,flegrei,earthquake,Automatico
41412,2025-02-06 06:13:19.5,40.824,14.156333,1,,,flegrei,earthquake,Automatico
41413,2025-02-06 06:15:27.24,40.823167,14.309667,2.11,,,flegrei,earthquake,Automatico
41414,2025-02-06 07:39:27.539,40.824833,14.142833,0.61,0.1,0.3,flegrei,earthquake,Rivisto
41415,2025-02-06 07:39:52.769,40.824167,14.143667,0.52,0,0.3,flegrei,earthquake,Rivisto
41416,2025-02-06 08:14:19.73,40.823833,14.1445,1.07,0,0.3,flegrei,earthquake,Rivisto
41417,2025-02-06 08:18:46.519,40.829167,14.143167,0.95,0.6,0.3,flegrei,earthquake,Rivisto
41418,2025-02-06 08:21:23.559,40.824167,14.145,1.16,0.8,0.3,flegrei,earthquake,Rivisto
41422,2025-02-06 21:22:18.72,40.828,14.139333,0.54,0.1,0.3,flegrei,earthquake,Rivisto
41424,2025-02-06 23:54:15.619,40.830333,14.130333,1,,,flegrei,earthquake,Automatico
41425,2025-02-07 02:20:53.279,40.822,14.149333,2.13,,,flegrei,earthquake,Automatico
41430,2025-02-07 16:55:14.63,40.8337,14.1167,0.75,,,flegrei,earthquake,Automatico
41431,2025-02-07 17:50:47.759,40.837,14.109833,2.95,0.4,0.3,flegrei,earthquake,Rivisto
41432,2025-02-07 18:03:30.529,40.7885,14.1805,5.08,,,flegrei,earthquake,Automatico
41433,2025-02-07 20:18:45.96,40.835333,14.115,2.91,0.4,0.3,flegrei,earthquake,Rivisto
41437,2025-02-07 20:26:43.039,40.837667,14.120333,2.41,0.7,0.3,flegrei,earthquake,Rivisto
41434,2025-02-07 20:26:57.559,40.836667,14.116833,2.17,1.4,0.3,flegrei,earthquake,Rivisto
41438,2025-02-07 21:13:49.609,40.797,14.076833,1,,,flegrei,earthquake,Automatico
41439,2025-02-08 01:11:34.95,40.8245,14.144,0.96,0.4,0.3,flegrei,earthquake,Rivisto
41440,2025-02-08 01:12:02.5,40.961833,13.886833,1.03,,,flegrei,earthquake,Automatico
41441,2025-02-08 01:13:44.799,40.825333,14.144667,0.75,0.4,0.3,flegrei,earthquake,Rivisto
41442,2025-02-08 01:58:39.42,40.824333,14.148667,1.01,,,flegrei,earthquake,Automatico
41443,2025-02-08 05:06:55.009,40.8215,14.124167,1.12,0.2,0.3,flegrei,earthquake,Rivisto
41446,2025-02-08 21:04:15.789,40.825833,14.140667,0.9,0.4,0.3,flegrei,earthquake,Rivisto
41447,2025-02-08 21:47:51.109,40.827667,14.142333,1.19,0.2,0.3,flegrei,earthquake,Rivisto
41448,2025-02-08 22:40:12.579,40.820167,14.1835,0.99,,,flegrei,earthquake,Automatico
41453,2025-02-09 10:50:02.789,40.831333,14.112667,3.62,0.7,0.3,flegrei,earthquake,Rivisto
41454,2025-02-09 11:04:10.47,40.836333,14.114667,2.58,1.5,0.3,flegrei,earthquake,Rivisto
41455,2025-02-09 11:04:38.269,40.502167,13.724667,1.28,,,flegrei,earthquake,Automatico
41456,2025-02-09 13:26:10.15,40.807167,14.084333,3.93,,,flegrei,earthquake,Automatico
41457,2025-02-09 22:41:18.059,40.8409,14.1504,0.42,,,flegrei,earthquake,Automatico
41458,2025-02-10 00:48:32.599,40.812,14.071,1,,,flegrei,earthquake,Automatico
41459,2025-02-10 00:59:13.46,40.832,14.113667,2.64,0.8,0.3,flegrei,earthquake,Rivisto
41460,2025-02-10 01:11:42.22,40.836333,14.093167,0.97,,,flegrei,earthquake,Automatico
41465,2025-02-10 11:46:19.44,40.823667,14.1395,0.89,,,flegrei,earthquake,Automatico
41466,2025-02-10 14:14:20.869,40.825833,14.129833,1.79,0.1,0.3,flegrei,earthquake,Rivisto
41467,2025-02-10 14:50:25.019,40.835167,14.1195,2.67,2.3,0.3,flegrei,earthquake,Rivisto
41472,2025-02-10 16:31:43.68,40.190333,14.0235,0.02,,,flegrei,earthquake,Automatico
41473,2025-02-10 17:36:22.99,40.9065,14.1722,0.5,,,flegrei,earthquake,Automatico
41474,2025-02-10 17:52:50.22,40.826667,14.1345,1.17,1.6,0.3,flegrei,earthquake,Rivisto
41475,2025-02-10 19:47:27.94,40.825,14.129167,2.34,0.1,0.3,flegrei,earthquake,Rivisto
41476,2025-02-10 20:47:46.74,40.823,14.14,1.02,,,flegrei,earthquake,Automatico
41477,2025-02-10 21:22:12.93,40.8285,14.125,1,,,flegrei,earthquake,Automatico
41478,2025-02-10 21:43:08.71,40.8195,14.1585,1.54,,,flegrei,earthquake,Automatico
41479,2025-02-10 22:06:13.88,40.775167,14.100333,1.02,,,flegrei,earthquake,Automatico
41480,2025-02-10 22:12:24.789,40.784,14.054833,0.47,,,flegrei,earthquake,Automatico
41481,2025-02-10 22:16:07.269,40.806,14.2188,0.65,,,flegrei,earthquake,Automatico
41482,2025-02-10 22:53:50.609,40.823167,14.181833,0.99,,,flegrei,earthquake,Automatico
41483,2025-02-10 23:06:54.7,40.836333,14.1205,2.62,0.5,0.3,flegrei,earthquake,Rivisto
41484,2025-02-10 23:24:38.72,40.944,14.133,2.03,,,flegrei,earthquake,Automatico
41485,2025-02-10 23:25:29.48,40.827833,14.145167,1.38,0.2,0.3,flegrei,earthquake,Rivisto
41486,2025-02-10 23:25:49.849,40.817,14.1195,1,,,flegrei,earthquake,Automatico
41487,2025-02-10 23:26:32.97,40.821167,14.135667,0.68,,,flegrei,earthquake,Automatico
41488,2025-02-10 23:38:05.589,40.7747,14.1404,2.53,,,flegrei,earthquake,Automatico
41489,2025-02-10 23:39:02.539,40.719667,14.157667,1,,,flegrei,earthquake,Automatico
41490,2025-02-11 00:00:06.18,40.820333,14.155333,3.09,0.4,0.3,flegrei,earthquake,Rivisto
41491,2025-02-11 00:10:05.009,40.825667,14.145333,1.14,,,flegrei,earthquake,Automatico
41492,2025-02-11 00:53:13.9,40.839333,14.129167,2.63,1,0.3,flegrei,earthquake,Rivisto
41493,2025-02-11 01:10:42.789,40.8435,14.150667,1,,,flegrei,earthquake,Automatico
41494,2025-02-11 01:10:49.059,40.823,14.156667,1,,,flegrei,earthquake,Automatico
41495,2025-02-11 01:47:25.64,40.832,14.155333,1.2,,,flegrei,earthquake,Automatico
41496,2025-02-11 01:48:26.119,40.827167,14.140667,1.38,,,flegrei,earthquake,Automatico
41497,2025-02-11 01:50:01.829,40.83,14.141667,1.07,1.7,0.3,flegrei,earthquake,Rivisto
41498,2025-02-11 01:52:15.4,40.784833,14.126167,1,,,flegrei,earthquake,Automatico
41499,2025-02-11 01:56:58.19,40.823167,14.140167,0.02,,,flegrei,earthquake,Automatico
41500,2025-02-11 03:02:51.39,40.832833,14.166833,0.8,,,flegrei,earthquake,Automatico
41501,2025-02-11 03:40:02.109,40.862667,14.228,0.23,,,flegrei,earthquake,Automatico
41502,2025-02-11 03:46:43.539,40.830167,14.147833,2.39,,,flegrei,earthquake,Automatico
41503,2025-02-11 06:14:43.039,40.856667,14.146833,1,,,flegrei,earthquake,Automatico
41504,2025-02-11 07:04:59.25,40.807,14.182,1,,,flegrei,earthquake,Automatico
41505,2025-02-11 08:39:57.73,40.824833,14.140333,1.72,0.3,0.3,flegrei,earthquake,Rivisto
41506,2025-02-11 08:41:17.019,40.8255,14.156667,1.53,,,flegrei,earthquake,Automatico
41512,2025-02-11 08:41:49.38,40.824167,14.149,1.33,0.1,0.3,flegrei,earthquake,Rivisto
41507,2025-02-11 08:55:44.859,40.694,14.129,1.02,,,flegrei,earthquake,Automatico
41508,2025-02-11 09:34:12.24,40.824,14.137333,0.94,1.9,0.3,flegrei,earthquake,Rivisto
41509,2025-02-11 09:47:47.329,40.956833,13.770667,2.19,,,flegrei,earthquake,Automatico
41511,2025-02-11 09:47:53.45,40.826167,14.144,1.32,0.6,0.3,flegrei,earthquake,Rivisto
41516,2025-02-11 09:59:58.19,40.819833,14.146,1.22,0.3,0.3,flegrei,earthquake,Rivisto
41513,2025-02-11 10:54:06.74,40.828333,14.142833,1.42,,,flegrei,earthquake,Automatico
41514,2025-02-11 10:54:14.99,40.828,14.1405,1.75,0.3,0.3,flegrei,earthquake,Rivisto
41515,2025-02-11 11:14:23.069,40.882,14.049667,1.72,,,flegrei,earthquake,Automatico
41517,2025-02-11 12:11:00.63,40.832667,14.1295,3.15,0.6,0.3,flegrei,earthquake,Rivisto
41518,2025-02-11 13:10:37.66,40.863,14.1639,0.5,,,flegrei,earthquake,Automatico
41519,2025-02-11 13:17:33.13,40.8365,14.085667,2.65,0.6,0.3,flegrei,earthquake,Rivisto
41520,2025-02-11 15:50:52.109,40.8325,14.124833,1.71,1.2,0.3,flegrei,earthquake,Rivisto
41521,2025-02-11 15:53:48.299,40.826167,14.138333,1,,,flegrei,earthquake,Automatico
41527,2025-02-11 15:53:55.74,40.8315,14.1295,1.33,1.8,0.3,flegrei,earthquake,Rivisto
41528,2025-02-11 15:54:21.42,40.832333,14.129,2.16,1,0.3,flegrei,earthquake,Rivisto
41522,2025-02-11 15:55:02.269,40.838833,14.132833,2.58,1.2,0.3,flegrei,earthquake,Rivisto
41529,2025-02-11 15:55:11.4,40.835667,14.135167,2.93,1.6,0.3,flegrei,earthquake,Rivisto
41523,2025-02-11 15:57:11.65,40.835167,14.131667,2.08,0.5,0.3,flegrei,earthquake,Rivisto
41524,2025-02-11 16:02:48.329,40.837833,14.131833,2.41,0.7,0.3,flegrei,earthquake,Rivisto
41525,2025-02-11 16:03:41.19,40.8895,14.211667,0.43,,,flegrei,earthquake,Automatico
41526,2025-02-11 16:05:41.259,40.9637,14.1677,7.39,,,flegrei,earthquake,Automatico
41530,2025-02-11 16:18:33.95,40.836,14.133,2.34,0.5,0.3,flegrei,earthquake,Rivisto
41532,2025-02-11 21:08:10.589,40.829833,14.121667,2,0.2,0.3,flegrei,earthquake,Rivisto
41533,2025-02-11 21:09:27.339,40.835167,14.129833,2.82,1.7,0.3,flegrei,earthquake,Rivisto
41536,2025-02-11 21:09:59.019,40.839,14.130167,2.24,0.5,0.3,flegrei,earthquake,Rivisto
41534,2025-02-11 21:13:48.65,40.822667,14.164,2.96,,,flegrei,earthquake,Automatico
41537,2025-02-11 22:03:50.079,40.874667,14.252,1.08,,,flegrei,earthquake,Automatico
41538,2025-02-11 22:28:37.569,40.838167,14.126833,2.79,0.6,0.3,flegrei,earthquake,Rivisto
41539,2025-02-12 00:21:19.339,40.762,14.238167,1.42,,,flegrei,earthquake,Automatico
41540,2025-02-12 00:57:02.269,40.826667,14.150833,1.05,,,flegrei,earthquake,Automatico
41541,2025-02-12 01:00:17.049,40.828,14.174667,1,,,flegrei,earthquake,Automatico
41542,2025-02-12 01:03:45.769,40.848333,14.113333,1,,,flegrei,earthquake,Automatico
41543,2025-02-12 01:05:55.519,40.823,14.1433,0.5,,,flegrei,earthquake,Automatico
41544,2025-02-12 01:32:14.22,40.842833,14.123667,1,,,flegrei,earthquake,Automatico
41545,2025-02-12 01:35:28.339,40.836833,14.1205,2.44,0.4,0.3,flegrei,earthquake,Rivisto
41546,2025-02-12 03:23:28.63,40.831833,14.134,1.18,,,flegrei,earthquake,Automatico
41547,2025-02-12 03:55:31.21,40.830167,14.2705,0.5,,,flegrei,earthquake,Automatico
41548,2025-02-12 04:04:31.74,40.82,14.145333,1.83,,,flegrei,earthquake,Automatico
41549,2025-02-12 04:26:15.46,40.824833,14.145667,1.55,0.5,0.3,flegrei,earthquake,Rivisto
41551,2025-02-12 05:03:15.079,40.8355,14.185,0.15,,,flegrei,earthquake,Automatico
41552,2025-02-12 05:20:56.47,40.874833,14.033333,0.02,,,flegrei,earthquake,Automatico
41553,2025-02-12 07:30:21.13,40.816,14.234,0.07,,,flegrei,earthquake,Automatico
41554,2025-02-12 09:40:51.46,40.883,14.041,0.92,,,flegrei,earthquake,Automatico
41555,2025-02-12 09:49:59.45,40.8702,14.1703,0.88,,,flegrei,earthquake,Automatico
41556,2025-02-12 09:51:56.25,40.824,14.143667,1.11,0.3,0.3,flegrei,earthquake,Rivisto
41557,2025-02-12 09:59:22.72,40.817167,14.175,1,,,flegrei,earthquake,Automatico
41558,2025-02-12 11:49:21.48,40.844833,14.144833,1,,,flegrei,earthquake,Automatico
41559,2025-02-12 12:51:03.39,40.8345,14.110833,2.47,1.3,0.3,flegrei,earthquake,Rivisto
41560,2025-02-12 13:26:22.009,40.8395,14.107333,1.61,0.3,0.3,flegrei,earthquake,Rivisto
41561,2025-02-12 16:40:31.869,40.7302,14.0289,3.16,,,flegrei,earthquake,Automatico
41562,2025-02-12 16:41:39.759,40.8335,14.134667,2.71,1.7,0.3,flegrei,earthquake,Rivisto
41567,2025-02-12 16:41:51.559,40.8315,14.140167,2.51,0.9,0.3,flegrei,earthquake,Rivisto
41563,2025-02-12 16:42:11.14,40.8345,14.134,2.52,0.2,0.3,flegrei,earthquake,Rivisto
41568,2025-02-12 16:46:33,40.8315,14.140167,2.98,0.3,0.3,flegrei,earthquake,Rivisto
41570,2025-02-12 16:51:00.18,40.833,14.132667,3.3,0.6,0.3,flegrei,earthquake,Rivisto
41569,2025-02-12 17:06:55.579,40.838833,14.1375,2.68,0.1,0.3,flegrei,earthquake,Rivisto
41564,2025-02-12 17:10:55.769,40.8365,14.140167,2.68,0.8,0.3,flegrei,earthquake,Rivisto
41565,2025-02-12 17:12:14.93,40.841167,14.2015,1.47,,,flegrei,earthquake,Automatico
41571,2025-02-12 17:12:15.71,40.835167,14.137833,2.92,0.2,0.3,flegrei,earthquake,Rivisto
41566,2025-02-12 17:12:30.14,40.831,14.139667,5.61,,,flegrei,earthquake,Automatico
41572,2025-02-12 17:12:30.549,40.8315,14.137667,2.61,0.7,0.3,flegrei,earthquake,Rivisto
41575,2025-02-12 17:36:01.14,40.837333,14.131167,1.96,0.4,0.3,flegrei,earthquake,Rivisto
41573,2025-02-12 17:36:18.079,40.8332,14.1369,1.15,,,flegrei,earthquake,Automatico
41574,2025-02-12 17:38:28.7,40.837167,14.140167,2.47,0.2,0.3,flegrei,earthquake,Rivisto
41576,2025-02-12 18:09:26.19,40.833667,14.135333,1.4,,,flegrei,earthquake,Automatico
41577,2025-02-12 18:09:50.99,40.7814,13.8232,1.19,,,flegrei,earthquake,Automatico
41579,2025-02-12 18:14:26.14,40.836667,14.131667,2.19,0.7,0.3,flegrei,earthquake,Rivisto
41580,2025-02-12 18:16:05.5,40.832333,14.132167,1.98,0.2,0.3,flegrei,earthquake,Rivisto
41581,2025-02-12 18:33:40.569,40.833,14.135167,2.19,0.5,0.3,flegrei,earthquake,Rivisto
41582,2025-02-12 19:14:43.299,40.832,14.141833,2.04,,,flegrei,earthquake,Automatico
41583,2025-02-12 20:26:48.71,40.8307,14.0891,0.57,,,flegrei,earthquake,Automatico
41584,2025-02-12 20:34:24,40.828833,14.164167,1,,,flegrei,earthquake,Automatico
41585,2025-02-12 20:42:29.88,40.829167,14.142333,1.1,,,flegrei,earthquake,Automatico
41586,2025-02-12 21:42:57.71,40.8335,14.134167,2.84,2.4,0.3,flegrei,earthquake,Rivisto
41587,2025-02-12 21:44:13.009,40.836,14.138167,2.69,0.8,0.3,flegrei,earthquake,Rivisto
41588,2025-02-12 22:19:26.519,40.834833,14.136667,2.44,0.6,0.3,flegrei,earthquake,Rivisto
41589,2025-02-12 22:23:41.97,40.7746,14.288,2.07,,,flegrei,earthquake,Automatico
41590,2025-02-12 22:27:14,40.831333,14.149,2.1,2.5,0.3,flegrei,earthquake,Rivisto
41605,2025-02-12 22:27:19.38,40.832833,14.146,2.6,0.2,0.3,flegrei,earthquake,Rivisto
41604,2025-02-12 22:28:34.22,40.831333,14.147833,1.47,0.1,0.3,flegrei,earthquake,Rivisto
41591,2025-02-12 22:28:44.89,40.8315,14.1485,1.78,0.7,0.3,flegrei,earthquake,Rivisto
41606,2025-02-12 22:29:10.9,40.831333,14.148,2,0.1,0.3,flegrei,earthquake,Rivisto
41592,2025-02-12 22:30:27.779,40.817,14.149,2.86,0.9,0.3,flegrei,earthquake,Rivisto
41593,2025-02-12 22:30:44.839,40.8386,13.9017,9.64,,,flegrei,earthquake,Automatico
41594,2025-02-12 22:30:58.71,40.829667,14.1425,2.87,0.3,0.3,flegrei,earthquake,Rivisto
41595,2025-02-12 22:31:39.589,40.831333,14.1475,2.32,0.3,0.3,flegrei,earthquake,Rivisto
41596,2025-02-12 22:34:32.339,40.826167,14.131667,1.04,0.2,0.3,flegrei,earthquake,Rivisto
41597,2025-02-12 22:34:53.849,41.042167,14.2395,0,,,flegrei,earthquake,Automatico
41598,2025-02-12 22:36:10.349,40.8285,14.145167,2.71,0.8,0.3,flegrei,earthquake,Rivisto
41608,2025-02-12 22:36:19.64,40.833667,14.160833,2.62,0.3,0.3,flegrei,earthquake,Rivisto
41599,2025-02-12 22:42:03.18,40.8305,14.136167,2.71,0.9,0.3,flegrei,earthquake,Rivisto
41615,2025-02-12 22:42:19.369,40.8315,14.1325,1.39,0.3,0.3,flegrei,earthquake,Rivisto
41600,2025-02-12 22:43:31.589,40.850167,14.214667,1,,,flegrei,earthquake,Automatico
41601,2025-02-12 22:43:51.46,40.829167,14.142667,1.82,1,0.3,flegrei,earthquake,Rivisto
41602,2025-02-12 23:06:37.609,40.8281,14.1643,0.42,,,flegrei,earthquake,Automatico
41613,2025-02-12 23:11:21.49,40.823,14.136833,1.72,0.1,0.3,flegrei,earthquake,Rivisto
41603,2025-02-12 23:11:37.25,40.834833,14.140167,2.36,0.6,0.3,flegrei,earthquake,Rivisto
41607,2025-02-12 23:43:53.079,40.8391,14.2166,0.69,,,flegrei,earthquake,Automatico
41609,2025-02-12 23:57:01.299,40.831333,14.1745,1.08,,,flegrei,earthquake,Automatico
41610,2025-02-12 23:59:38.13,40.827833,14.140167,1.27,0.4,0.3,flegrei,earthquake,Rivisto
41611,2025-02-13 00:01:26.319,40.836667,14.140167,2.51,1.2,0.3,flegrei,earthquake,Rivisto
41612,2025-02-13 00:03:38.519,40.8315,14.140167,1.7,0.4,0.3,flegrei,earthquake,Rivisto
41614,2025-02-13 00:11:57.4,40.835833,14.1345,1,,,flegrei,earthquake,Automatico
41616,2025-02-13 00:43:15.829,40.842,14.134667,2.6,0.4,0.3,flegrei,earthquake,Rivisto
41617,2025-02-13 00:57:13.23,40.838,14.143167,2.52,1.6,0.3,flegrei,earthquake,Rivisto
41618,2025-02-13 00:58:08.23,41.0493,13.8368,1.21,,,flegrei,earthquake,Automatico
41619,2025-02-13 00:59:02.64,40.834,14.139333,2.81,0.4,0.3,flegrei,earthquake,Rivisto
41620,2025-02-13 01:11:46.069,40.7624,14.2274,0.38,,,flegrei,earthquake,Automatico
41621,2025-02-13 01:17:14.809,40.8315,14.145333,2.91,1,0.3,flegrei,earthquake,Rivisto
41622,2025-02-13 01:29:54.309,40.830833,14.135833,2.59,1.4,0.3,flegrei,earthquake,Rivisto
41623,2025-02-13 01:41:32.22,40.821833,14.149,1.73,0.7,0.3,flegrei,earthquake,Rivisto
41624,2025-02-13 01:44:20.799,40.833667,14.134167,2.43,1,0.3,flegrei,earthquake,Rivisto
41625,2025-02-13 01:46:59.759,40.9345,14.073667,1,,,flegrei,earthquake,Automatico
41626,2025-02-13 01:56:04.91,40.824167,14.151667,1.61,1.3,0.3,flegrei,earthquake,Rivisto
41627,2025-02-13 01:56:38,40.825167,14.1525,1.54,0.9,0.3,flegrei,earthquake,Rivisto
41628,2025-02-13 01:59:35.95,40.836333,14.1395,4.42,0.2,0.3,flegrei,earthquake,Rivisto
41629,2025-02-13 02:03:54.39,40.832833,14.1385,2.56,1.2,0.3,flegrei,earthquake,Rivisto
41630,2025-02-13 02:04:42.599,40.833667,14.159667,1,,,flegrei,earthquake,Automatico
41631,2025-02-13 02:19:41.779,40.838,14.134,3.25,0.1,0.3,flegrei,earthquake,Rivisto
41632,2025-02-13 02:44:14.68,40.8174,14.195,2.53,,,flegrei,earthquake,Automatico
41633,2025-02-13 03:22:08.279,40.824667,14.157833,0.05,,,flegrei,earthquake,Automatico
41635,2025-02-13 03:26:16.88,40.8298,14.1858,1.25,,,flegrei,earthquake,Automatico
41636,2025-02-13 03:27:20.7,40.826667,14.140167,1.63,0.4,0.3,flegrei,earthquake,Rivisto
41637,2025-02-13 03:28:54.43,40.830833,14.139833,3.74,0.1,0.3,flegrei,earthquake,Rivisto
41642,2025-02-13 03:31:30.43,40.837167,14.138,2.06,0.2,0.3,flegrei,earthquake,Rivisto
41638,2025-02-13 03:33:52.13,40.829,14.1495,2.2,0.7,0.3,flegrei,earthquake,Rivisto
41639,2025-02-13 03:36:39.9,40.8295,14.148833,2.5,0.3,0.3,flegrei,earthquake,Rivisto
41640,2025-02-13 03:38:36.799,40.812333,14.148167,2.18,,,flegrei,earthquake,Automatico
41641,2025-02-13 03:40:23.4,40.768167,14.192,0.84,,,flegrei,earthquake,Automatico
41643,2025-02-13 03:50:30.319,40.812667,14.168667,0.53,,,flegrei,earthquake,Automatico
41644,2025-02-13 04:04:50.47,40.976,14.544333,0.86,,,flegrei,earthquake,Automatico
41645,2025-02-13 04:27:15.779,40.826,14.145667,1.2,,,flegrei,earthquake,Automatico
41646,2025-02-13 04:44:33.17,40.825667,14.160333,0.92,,,flegrei,earthquake,Automatico
41647,2025-02-13 06:44:47.549,40.830833,14.148167,1.97,,,flegrei,earthquake,Automatico
41648,2025-02-13 06:44:47.94,40.832667,14.136667,2.36,1.8,0.3,flegrei,earthquake,Rivisto
41649,2025-02-13 06:45:27.279,40.835833,14.1375,2.58,0.7,0.3,flegrei,earthquake,Rivisto
41650,2025-02-13 07:52:31.549,40.832167,14.1775,1,,,flegrei,earthquake,Automatico
41651,2025-02-13 09:18:59.369,40.845,14.165167,1,,,flegrei,earthquake,Automatico
41661,2025-02-13 09:41:09.529,40.831333,14.155833,1.69,0.1,0.3,flegrei,earthquake,Rivisto
41652,2025-02-13 09:41:28.869,40.829833,14.145667,0.91,0.9,0.1,flegrei,earthquake,Rivisto
41653,2025-02-13 09:43:03.589,40.8275,14.143667,0.53,,,flegrei,earthquake,Automatico
41657,2025-02-13 09:44:05.609,40.8305,14.1485,1.84,0.4,0.3,flegrei,earthquake,Rivisto
41654,2025-02-13 09:44:06.13,40.8282,14.1496,1.11,,,flegrei,earthquake,Automatico
41655,2025-02-13 09:44:29.009,40.871833,14.165167,1.02,,,flegrei,earthquake,Automatico
41658,2025-02-13 09:44:31.18,40.830167,14.146333,2.22,0.4,0.3,flegrei,earthquake,Rivisto
41656,2025-02-13 09:45:38.339,40.829167,14.155167,0.08,,,flegrei,earthquake,Automatico
41660,2025-02-13 09:45:39.64,40.828,14.139833,1.6,0.3,0.3,flegrei,earthquake,Rivisto
41659,2025-02-13 10:01:55.75,40.811333,14.094833,1,,,flegrei,earthquake,Automatico
41662,2025-02-13 10:15:43.98,40.8335,14.137,2.36,0.3,0.3,flegrei,earthquake,Rivisto
41669,2025-02-13 11:31:33.73,40.834,14.127667,1.64,0.3,0.3,flegrei,earthquake,Rivisto
41670,2025-02-13 12:14:26.009,40.8345,14.119167,2.09,1.6,0.3,flegrei,earthquake,Rivisto
41673,2025-02-13 13:13:39.18,40.826333,14.158833,0.32,,,flegrei,earthquake,Automatico
41676,2025-02-13 13:34:56.019,40.8295,14.1445,1.5,0.5,0.3,flegrei,earthquake,Rivisto
41675,2025-02-13 13:41:09.599,40.8236,14.1482,1.2,,,flegrei,earthquake,Automatico
41677,2025-02-13 14:03:51.509,40.829667,14.1465,1.69,0.6,0.3,flegrei,earthquake,Rivisto
41680,2025-02-13 14:36:48.559,40.911,13.793833,0.89,,,flegrei,earthquake,Automatico
41684,2025-02-13 15:20:02.14,40.829667,14.147667,1.73,0.3,0.3,flegrei,earthquake,Rivisto
41683,2025-02-13 15:20:54.93,40.826667,14.154333,0.94,,,flegrei,earthquake,Automatico
41687,2025-02-13 15:21:01.829,40.831333,14.147167,1.83,0.8,0.3,flegrei,earthquake,Rivisto
41685,2025-02-13 15:21:44.19,40.8305,14.146667,1.67,0.9,0.3,flegrei,earthquake,Rivisto
41692,2025-02-13 15:28:37.42,40.83,14.15,1.85,0.8,0.3,flegrei,earthquake,Rivisto
41686,2025-02-13 15:28:37.65,40.8295,14.154833,1.31,,,flegrei,earthquake,Automatico
41688,2025-02-13 15:29:57.329,40.827333,14.162333,0.92,,,flegrei,earthquake,Automatico
41689,2025-02-13 15:32:09.789,40.83,14.151667,2.21,0.6,0.3,flegrei,earthquake,Rivisto
41690,2025-02-13 15:34:19.25,40.8267,14.1759,0.42,,,flegrei,earthquake,Automatico
41691,2025-02-13 15:34:22.97,40.830667,14.148833,2.05,2.5,0.3,flegrei,earthquake,Rivisto
41695,2025-02-13 15:34:31.289,40.827833,14.148333,1.49,0.5,0.3,flegrei,earthquake,Rivisto
41696,2025-02-13 15:36:52.509,40.831333,14.158833,1.53,0.2,0.3,flegrei,earthquake,Rivisto
41693,2025-02-13 15:36:52.769,40.828,14.149,1.16,,,flegrei,earthquake,Automatico
41694,2025-02-13 15:37:08.319,40.836333,14.122167,2.31,1.1,0.3,flegrei,earthquake,Rivisto
41699,2025-02-13 16:35:56.2,40.824333,14.141833,0.7,0.2,0.3,flegrei,earthquake,Rivisto
41700,2025-02-13 16:58:46.19,40.827,14.140167,0.65,0.1,0.3,flegrei,earthquake,Rivisto
41701,2025-02-13 17:21:29.5,40.8687,14.1158,0.45,,,flegrei,earthquake,Automatico
41702,2025-02-13 17:48:18.829,40.8315,14.140167,2.05,0.7,0.3,flegrei,earthquake,Rivisto
41703,2025-02-13 18:02:50.519,40.832167,14.122167,2.61,0.4,0.3,flegrei,earthquake,Rivisto
41704,2025-02-13 18:15:49.279,40.83,14.1465,1.54,0.1,0.3,flegrei,earthquake,Rivisto
41705,2025-02-13 18:50:22.67,40.836167,14.125167,2.11,0.2,0.3,flegrei,earthquake,Rivisto
41706,2025-02-13 18:56:04.369,40.833,14.232,0.88,,,flegrei,earthquake,Automatico
41707,2025-02-13 18:58:05.16,40.831167,14.150667,0.71,,,flegrei,earthquake,Automatico
41708,2025-02-13 19:01:22.089,40.8395,14.120333,2.92,0.7,0.3,flegrei,earthquake,Rivisto
41711,2025-02-13 19:03:04.579,40.8365,14.121333,2.22,0.2,0.3,flegrei,earthquake,Rivisto
41709,2025-02-13 19:10:42.579,40.8322,14.1531,0.25,,,flegrei,earthquake,Automatico
41710,2025-02-13 19:11:19.95,40.8265,14.1575,0.96,,,flegrei,earthquake,Automatico
41712,2025-02-13 19:13:23.88,40.830167,14.154,0.77,,,flegrei,earthquake,Automatico
41713,2025-02-13 19:29:17.049,40.838,14.138667,2.13,0.7,0.3,flegrei,earthquake,Rivisto
41715,2025-02-13 20:30:03.329,40.8335,14.134,2.57,0.1,0.3,flegrei,earthquake,Rivisto
41714,2025-02-13 20:30:03.829,40.8265,14.1495,1.99,,,flegrei,earthquake,Automatico
41716,2025-02-13 21:17:47.5,40.825833,14.189,3.23,,,flegrei,earthquake,Automatico
41717,2025-02-13 21:27:36.23,40.794667,14.062167,1,,,flegrei,earthquake,Automatico
41718,2025-02-13 21:30:26.4,40.8305,14.1485,1.61,0.4,0.3,flegrei,earthquake,Rivisto
41719,2025-02-13 21:40:40.569,40.820167,14.1475,2.2,,,flegrei,earthquake,Automatico
41720,2025-02-13 21:40:43.089,40.825667,14.137667,2.42,2.3,0.3,flegrei,earthquake,Rivisto
41721,2025-02-13 21:41:43.559,40.844333,14.1715,1,,,flegrei,earthquake,Automatico
41722,2025-02-13 21:48:46.9,40.838167,14.175833,0.93,,,flegrei,earthquake,Automatico
41723,2025-02-13 21:55:38.859,40.825333,14.143167,1.41,1.5,0.3,flegrei,earthquake,Rivisto
41724,2025-02-13 22:02:46.99,40.830333,14.147,2.22,0.3,0.3,flegrei,earthquake,Rivisto
41725,2025-02-13 22:03:00.41,40.8285,14.148667,2.38,2,0.3,flegrei,earthquake,Rivisto
41726,2025-02-13 22:18:28.16,40.831333,14.146167,2.13,2.6,0.3,flegrei,earthquake,Rivisto
41727,2025-02-13 22:22:02.46,40.813333,14.14,0.78,,,flegrei,earthquake,Automatico
41728,2025-02-13 22:22:40.75,40.830833,14.1535,1.5,,,flegrei,earthquake,Automatico
41731,2025-02-13 22:36:44.759,40.83,14.146833,1.35,0.1,0.3,flegrei,earthquake,Rivisto
41729,2025-02-13 22:40:28.72,40.8275,14.1445,1.66,0.6,0.3,flegrei,earthquake,Rivisto
41730,2025-02-13 22:41:06.9,40.8295,14.148167,2.39,1.6,0.3,flegrei,earthquake,Rivisto
41732,2025-02-13 22:48:30.849,40.8213,14.1552,0.25,,,flegrei,earthquake,Automatico
41733,2025-02-13 22:51:16.849,40.826333,14.141833,2.47,0.1,0.3,flegrei,earthquake,Rivisto
41734,2025-02-13 22:56:07.95,40.833,14.1495,0.44,,,flegrei,earthquake,Automatico
41735,2025-02-13 22:57:55.67,40.831333,14.138667,0.77,,,flegrei,earthquake,Automatico
41736,2025-02-13 23:02:49.47,40.829,14.1655,0.86,,,flegrei,earthquake,Automatico
41737,2025-02-13 23:03:44.079,40.9065,14.3034,1.89,,,flegrei,earthquake,Automatico
41738,2025-02-13 23:16:35.859,40.825833,14.1405,0.98,0.6,0.3,flegrei,earthquake,Rivisto
41739,2025-02-13 23:18:28.869,40.827333,14.1265,1,,,flegrei,earthquake,Automatico
41740,2025-02-13 23:51:25.65,40.8365,14.157333,1,,,flegrei,earthquake,Automatico
41741,2025-02-13 23:59:27.18,40.822833,14.103833,2.81,0.1,0.3,flegrei,earthquake,Rivisto
41742,2025-02-14 00:01:54.23,40.830667,14.158667,1.61,,,flegrei,earthquake,Automatico
41743,2025-02-14 00:38:36.42,40.8277,14.1522,0.84,,,flegrei,earthquake,Automatico
41744,2025-02-14 00:45:32.95,40.827333,14.1275,1.52,0.2,0.3,flegrei,earthquake,Rivisto
41745,2025-02-14 01:32:01.88,40.830167,14.126667,1,,,flegrei,earthquake,Automatico
41746,2025-02-14 01:32:44.47,40.838667,14.132833,0.93,,,flegrei,earthquake,Automatico
41747,2025-02-14 01:34:45.119,40.834833,14.136667,2.36,0.2,0.3,flegrei,earthquake,Rivisto
41748,2025-02-14 01:47:43.029,40.7785,14.109833,0.02,,,flegrei,earthquake,Automatico
41749,2025-02-14 02:10:52.769,40.752,14.094667,0.03,,,flegrei,earthquake,Automatico
41751,2025-02-14 02:10:58.15,40.825,14.1455,1.27,0.2,0.3,flegrei,earthquake,Rivisto
41750,2025-02-14 02:11:32.16,40.840333,14.155333,1,,,flegrei,earthquake,Automatico
41752,2025-02-14 02:28:25.72,40.824833,14.157333,0.97,,,flegrei,earthquake,Automatico
41753,2025-02-14 03:03:27.63,40.827167,14.149167,0.97,,,flegrei,earthquake,Automatico
41754,2025-02-14 03:14:00.69,40.8163,14.1196,2.12,,,flegrei,earthquake,Automatico
41755,2025-02-14 03:16:29.019,40.823833,14.140833,0.28,0.6,0.3,flegrei,earthquake,Rivisto
41756,2025-02-14 03:18:55.89,40.825167,14.161,0.5,,,flegrei,earthquake,Automatico
41757,2025-02-14 03:30:11.619,40.702333,14.093333,1,,,flegrei,earthquake,Automatico
41758,2025-02-14 03:31:27.97,40.8155,14.152,0.69,,,flegrei,earthquake,Automatico
41759,2025-02-14 03:31:44.72,40.825,14.142833,0.67,0.1,0.3,flegrei,earthquake,Rivisto
41760,2025-02-14 04:17:13.509,40.836333,14.170333,1,,,flegrei,earthquake,Automatico
41761,2025-02-14 05:26:37.269,40.813333,14.1635,1,,,flegrei,earthquake,Automatico
41762,2025-02-14 05:29:41.41,40.801333,14.0755,0.48,,,flegrei,earthquake,Automatico
41764,2025-02-14 05:42:13.2,40.819833,14.149,0.44,,,flegrei,earthquake,Automatico
41765,2025-02-14 05:51:10.4,40.8385,14.136333,3.8,0.1,0.3,flegrei,earthquake,Rivisto
41766,2025-02-14 06:14:21.359,40.8286,14.1278,0.35,,,flegrei,earthquake,Automatico
41767,2025-02-14 06:36:43.44,40.8277,14.1411,0.03,,,flegrei,earthquake,Automatico
41768,2025-02-14 06:58:50.619,40.734,14.189333,1.57,,,flegrei,earthquake,Automatico
41769,2025-02-14 07:37:20.329,40.831333,14.1445,2.68,0.6,0.3,flegrei,earthquake,Rivisto
41770,2025-02-14 10:48:38.839,40.825667,14.1445,1.24,0.3,0.3,flegrei,earthquake,Rivisto
41771,2025-02-14 13:14:28.49,40.8322,14.1425,1.57,,,flegrei,earthquake,Automatico
41775,2025-02-14 14:58:46.7,40.830167,14.158167,0.99,,,flegrei,earthquake,Automatico
41776,2025-02-14 14:59:05.839,40.7495,14.3755,1.01,,,flegrei,earthquake,Automatico
41777,2025-02-14 14:59:08.96,40.826833,14.149167,2.56,0.2,0.3,flegrei,earthquake,Rivisto
41778,2025-02-14 14:59:09.119,40.825,14.147667,2.25,1,0.3,flegrei,earthquake,Rivisto
41779,2025-02-14 16:05:59.49,40.8955,14.242167,5.92,,,flegrei,earthquake,Automatico
41780,2025-02-14 16:37:50.049,40.8275,14.143,2.38,0.3,0.3,flegrei,earthquake,Rivisto
41782,2025-02-14 17:08:42.839,40.826833,14.151667,1.19,0.2,0.3,flegrei,earthquake,Rivisto
41783,2025-02-14 17:08:56.009,40.828167,14.151667,1.44,1,0.3,flegrei,earthquake,Rivisto
41781,2025-02-14 17:09:20.42,40.827333,14.153833,0.92,0.8,0.3,flegrei,earthquake,Rivisto
41784,2025-02-14 17:52:58.63,40.822667,14.138167,1.63,0.8,0.3,flegrei,earthquake,Rivisto
41785,2025-02-14 19:10:10.4,40.783667,14.1575,6.76,,,flegrei,earthquake,Automatico
41786,2025-02-14 19:25:48.22,40.8315,14.133167,1.49,1.4,0.3,flegrei,earthquake,Rivisto
41787,2025-02-14 20:07:42,40.819333,14.149333,0.25,,,flegrei,earthquake,Automatico
41789,2025-02-14 21:27:56.66,40.810667,14.154167,2.52,1,0.3,flegrei,earthquake,Rivisto
41790,2025-02-14 21:29:44.68,40.814,14.157167,2.72,1,0.3,flegrei,earthquake,Rivisto
41791,2025-02-14 21:35:49.029,40.777833,14.206,1.71,,,flegrei,earthquake,Automatico
41792,2025-02-14 21:51:08.47,40.812333,14.153333,2.83,0.9,0.3,flegrei,earthquake,Rivisto
41793,2025-02-14 22:05:59,40.807167,14.230667,1.34,,,flegrei,earthquake,Automatico
41794,2025-02-14 22:06:31.93,40.775167,14.139167,3.31,,,flegrei,earthquake,Automatico
41795,2025-02-14 22:06:45.99,40.7763,14.1599,0.15,,,flegrei,earthquake,Automatico
41796,2025-02-14 22:23:26.829,40.811333,14.157,2.76,1,0.3,flegrei,earthquake,Rivisto
41797,2025-02-14 22:29:21.009,40.812167,14.157,3.54,2.3,0.3,flegrei,earthquake,Rivisto
41807,2025-02-14 22:30:05.549,40.814833,14.156,3.19,0.3,0.3,flegrei,earthquake,Rivisto
41799,2025-02-14 22:30:56.059,40.81,14.159,2.92,1.2,0.3,flegrei,earthquake,Rivisto
41804,2025-02-14 22:42:25.789,40.812,14.154333,2.7,0.3,0.3,flegrei,earthquake,Rivisto
41800,2025-02-14 22:53:57.269,40.7762,14.178,0.69,,,flegrei,earthquake,Automatico
41801,2025-02-14 22:59:59.39,40.831333,14.144167,1.27,0.8,0.3,flegrei,earthquake,Rivisto
41802,2025-02-14 23:01:36.779,40.8105,14.155167,3.16,2,0.3,flegrei,earthquake,Rivisto
41805,2025-02-14 23:01:57.45,40.811,14.149,1.52,0.6,0.3,flegrei,earthquake,Rivisto
41803,2025-02-14 23:17:17.329,40.808167,14.149833,2.88,0.4,0.3,flegrei,earthquake,Rivisto
41806,2025-02-15 00:00:01.17,40.832667,14.1525,1.76,,,flegrei,earthquake,Automatico
41808,2025-02-15 00:39:43.9,40.8306,14.2185,0.32,,,flegrei,earthquake,Automatico
41809,2025-02-15 00:39:58.91,40.7108,14.1572,3.37,,,flegrei,earthquake,Automatico
41810,2025-02-15 02:19:10.059,40.805,14.1555,2.26,1.2,0.3,flegrei,earthquake,Rivisto
41812,2025-02-15 03:45:34.799,40.835,14.120833,0.02,,,flegrei,earthquake,Automatico
41814,2025-02-15 06:06:10.2,40.816333,14.243833,0.01,,,flegrei,earthquake,Automatico
41815,2025-02-15 08:35:19.109,40.8285,14.159333,0.94,0.1,0.3,flegrei,earthquake,Rivisto
41816,2025-02-15 12:45:05.43,40.836167,14.13,2,0.8,0.3,flegrei,earthquake,Rivisto
41817,2025-02-15 15:00:59.73,40.812,14.1425,0.44,,,flegrei,earthquake,Automatico
41818,2025-02-15 15:21:00.569,40.7785,14.076833,3.47,,,flegrei,earthquake,Automatico
41819,2025-02-15 15:35:01.71,40.8263,14.1373,0.25,,,flegrei,earthquake,Automatico
41820,2025-02-15 15:35:45.42,40.829167,14.135833,1.24,0.5,0.3,flegrei,earthquake,Rivisto
41821,2025-02-15 15:41:36.079,40.826167,14.135667,1.78,0.9,0.3,flegrei,earthquake,Rivisto
41822,2025-02-15 15:43:03.519,40.824833,14.147333,2.34,,,flegrei,earthquake,Automatico
41823,2025-02-15 15:53:49.98,40.828667,14.140167,2.68,2.4,0.3,flegrei,earthquake,Rivisto
41830,2025-02-15 15:54:37.279,40.8275,14.142167,1.16,0.4,0.3,flegrei,earthquake,Rivisto
41824,2025-02-15 15:55:57.64,40.824667,14.1405,1.3,1.1,0.3,flegrei,earthquake,Rivisto
41825,2025-02-15 15:56:24.48,40.8055,14.154667,1.01,,,flegrei,earthquake,Automatico
41826,2025-02-15 15:56:57.579,40.825667,14.150667,1.67,,,flegrei,earthquake,Automatico
41827,2025-02-15 15:57:21.809,40.8165,14.117833,1,,,flegrei,earthquake,Automatico
41832,2025-02-15 15:57:53.279,40.8315,14.129833,1.5,0.3,0.3,flegrei,earthquake,Rivisto
41828,2025-02-15 16:02:57.069,40.8188,14.1672,1.84,,,flegrei,earthquake,Automatico
41829,2025-02-15 16:15:59.039,40.8315,14.132,2.43,1,0.3,flegrei,earthquake,Rivisto
41831,2025-02-15 16:26:14.359,40.828833,14.146,2.88,0.8,0.3,flegrei,earthquake,Rivisto
41833,2025-02-15 18:15:24.029,40.826,14.204,0.65,,,flegrei,earthquake,Automatico
41834,2025-02-15 18:17:33.109,40.83,14.1385,1.52,0.7,0.3,flegrei,earthquake,Rivisto
41835,2025-02-15 18:22:14.829,40.829167,14.142,2.46,1,0.3,flegrei,earthquake,Rivisto
41843,2025-02-15 18:22:22.44,40.828833,14.148667,2.27,0.9,0.3,flegrei,earthquake,Rivisto
41836,2025-02-15 18:23:00.269,40.827167,14.142,2.17,0.9,0.3,flegrei,earthquake,Rivisto
41837,2025-02-15 18:23:40.299,40.83,14.140167,2.26,0.6,0.3,flegrei,earthquake,Rivisto
41838,2025-02-15 18:24:02.95,40.8253,14.1558,0.89,,,flegrei,earthquake,Automatico
41839,2025-02-15 18:25:04.7,40.828833,14.146167,1.36,,,flegrei,earthquake,Automatico
41840,2025-02-15 18:25:39.059,40.8285,14.140167,1.79,1.2,0.3,flegrei,earthquake,Rivisto
41844,2025-02-15 18:25:47.45,40.824,14.136333,1.44,1,0.3,flegrei,earthquake,Rivisto
41845,2025-02-15 18:26:13.2,40.826833,14.137667,1.72,0.3,0.3,flegrei,earthquake,Rivisto
41841,2025-02-15 18:29:00.49,40.887,14.191667,0.46,,,flegrei,earthquake,Automatico
41842,2025-02-15 18:29:56.089,40.8196,14.3206,7.66,,,flegrei,earthquake,Automatico
41846,2025-02-15 19:27:52.369,40.811333,14.154333,2.58,0.2,0.3,flegrei,earthquake,Rivisto
41847,2025-02-15 19:41:38.66,40.8315,14.143833,2.29,1.4,0.3,flegrei,earthquake,Rivisto
41848,2025-02-15 20:39:28.94,40.6581,14.1959,2.75,,,flegrei,earthquake,Automatico
41849,2025-02-15 21:14:06.64,40.828,14.125333,1.81,0.8,0.3,flegrei,earthquake,Rivisto
41850,2025-02-15 21:15:19.96,40.824333,14.128333,2.12,0.6,0.3,flegrei,earthquake,Rivisto
41851,2025-02-15 21:25:11.849,40.8115,14.155,2.35,0.6,0.3,flegrei,earthquake,Rivisto
41852,2025-02-15 21:56:02.509,40.821667,14.126833,1.43,0.4,0.3,flegrei,earthquake,Rivisto
41853,2025-02-15 22:09:37.2,40.8337,14.1298,1.53,,,flegrei,earthquake,Automatico
41854,2025-02-15 22:12:25.99,40.831333,14.138167,2.21,0.4,0.3,flegrei,earthquake,Rivisto
41855,2025-02-15 22:23:43.67,40.823833,14.123667,2.29,0.4,0.3,flegrei,earthquake,Rivisto
41856,2025-02-15 22:40:52.14,40.813,14.109333,0.01,,,flegrei,earthquake,Automatico
41857,2025-02-15 22:51:05.549,40.827,14.1245,1.76,0.4,0.3,flegrei,earthquake,Rivisto
41858,2025-02-15 23:15:25,40.827667,14.142167,1.19,0.3,0.3,flegrei,earthquake,Rivisto
41859,2025-02-15 23:27:17.25,40.820333,14.156,2.49,0.2,0.3,flegrei,earthquake,Rivisto
41860,2025-02-16 00:06:35.289,40.9074,14.2594,2.03,,,flegrei,earthquake,Automatico
41861,2025-02-16 00:09:06.46,40.831333,14.145,1.54,0.4,0.3,flegrei,earthquake,Rivisto
41862,2025-02-16 00:21:10.45,40.831333,14.149333,1.68,1.1,0.3,flegrei,earthquake,Rivisto
41863,2025-02-16 00:22:48.45,40.833667,14.1525,0.93,,,flegrei,earthquake,Automatico
41864,2025-02-16 01:52:11.589,40.821,14.139333,1.43,0.2,0.3,flegrei,earthquake,Rivisto
41865,2025-02-16 01:56:40.96,40.8315,14.118833,2.28,,,flegrei,earthquake,Automatico
41866,2025-02-16 01:58:23.269,40.8255,14.136,2.5,1.6,0.3,flegrei,earthquake,Rivisto
41870,2025-02-16 01:58:47.66,40.824667,14.1345,1.82,0.6,0.3,flegrei,earthquake,Rivisto
41867,2025-02-16 02:00:52.95,40.5691,14.4559,0.64,,,flegrei,earthquake,Automatico
41868,2025-02-16 02:03:09.41,40.751833,14.262833,1.03,,,flegrei,earthquake,Automatico
41869,2025-02-16 02:06:20.759,40.823667,14.133333,2.16,0.5,0.3,flegrei,earthquake,Rivisto
41871,2025-02-16 02:12:00.279,40.8215,14.131833,1.94,0.1,0.3,flegrei,earthquake,Rivisto
41872,2025-02-16 02:17:38.91,40.824,14.132833,1.77,0.4,0.3,flegrei,earthquake,Rivisto
41873,2025-02-16 02:24:51.789,40.816167,14.115667,1,,,flegrei,earthquake,Automatico
41874,2025-02-16 02:41:14.42,40.833833,14.111167,1,,,flegrei,earthquake,Automatico
41875,2025-02-16 02:41:38.73,40.825833,14.116667,2.59,1.3,0.3,flegrei,earthquake,Rivisto
41876,2025-02-16 02:45:17.49,41.042,13.952833,1.02,,,flegrei,earthquake,Automatico
41880,2025-02-16 02:45:31.5,40.8265,14.114167,1.58,0.3,0.3,flegrei,earthquake,Rivisto
41877,2025-02-16 02:49:20.41,40.67,13.9975,3.65,,,flegrei,earthquake,Automatico
41878,2025-02-16 02:51:50.39,40.821167,14.113167,1,,,flegrei,earthquake,Automatico
41879,2025-02-16 02:53:09.079,40.826833,14.162833,2.55,2.1,0.3,flegrei,earthquake,Rivisto
41881,2025-02-16 02:56:48.859,40.825,14.118333,2.48,1.2,0.3,flegrei,earthquake,Rivisto
41882,2025-02-16 02:57:26.66,40.809833,14.113833,2.83,,,flegrei,earthquake,Automatico
41883,2025-02-16 02:57:51.16,40.824333,14.133,1.4,1,0.3,flegrei,earthquake,Rivisto
41884,2025-02-16 02:58:41.099,41.2355,14.4,0.27,,,flegrei,earthquake,Automatico
41885,2025-02-16 03:00:06.019,40.8475,14.113833,1,,,flegrei,earthquake,Automatico
41886,2025-02-16 03:03:14.869,40.821,14.133333,1,,,flegrei,earthquake,Automatico
41887,2025-02-16 03:03:18.519,40.505167,13.1545,0.02,,,flegrei,earthquake,Automatico
41889,2025-02-16 03:03:35.18,40.824,14.134,1.75,0.2,0.3,flegrei,earthquake,Rivisto
41888,2025-02-16 03:09:17.619,40.7902,14.0944,2.31,,,flegrei,earthquake,Automatico
41890,2025-02-16 03:12:17.009,40.827167,14.113,2.54,1.1,0.3,flegrei,earthquake,Rivisto
41891,2025-02-16 03:14:00.319,40.8305,14.110667,1,,,flegrei,earthquake,Automatico
41892,2025-02-16 03:19:54.4,40.824833,14.134333,2.08,1.3,0.3,flegrei,earthquake,Rivisto
41893,2025-02-16 03:30:10.759,40.824667,14.136167,2.22,2.2,0.3,flegrei,earthquake,Rivisto
41894,2025-02-16 03:31:54.869,40.821,14.1375,1.2,,,flegrei,earthquake,Automatico
41895,2025-02-16 03:32:56.319,41.502167,14.1365,1.35,,,flegrei,earthquake,Automatico
41896,2025-02-16 03:33:49.71,40.8116,14.2104,1.56,,,flegrei,earthquake,Automatico
41897,2025-02-16 03:37:36.88,41.197833,13.947333,0.5,,,flegrei,earthquake,Automatico
41898,2025-02-16 03:51:50.98,40.825167,14.1405,1.43,0.7,0.3,flegrei,earthquake,Rivisto
41899,2025-02-16 04:02:39.799,40.824,14.1385,1.39,0,0.3,flegrei,earthquake,Rivisto
41900,2025-02-16 04:15:44.16,40.825333,14.119333,2.38,0.8,0.3,flegrei,earthquake,Rivisto
41901,2025-02-16 04:28:49.809,40.827,14.121,2.61,1.3,0.3,flegrei,earthquake,Rivisto
41902,2025-02-16 05:11:06.22,40.826,14.133667,0.94,0.7,0.3,flegrei,earthquake,Rivisto
41903,2025-02-16 05:20:43.029,40.822333,14.142667,1.46,,,flegrei,earthquake,Automatico
41904,2025-02-16 05:26:48.119,40.882333,14.0295,1.24,,,flegrei,earthquake,Automatico
41905,2025-02-16 05:42:15.95,40.827167,14.143833,2.04,0.6,0.3,flegrei,earthquake,Rivisto
41906,2025-02-16 05:44:01.7,40.730167,14.164167,0.48,,,flegrei,earthquake,Automatico
41907,2025-02-16 05:46:33.549,40.819833,14.157,3.54,,,flegrei,earthquake,Automatico
41908,2025-02-16 05:49:55.329,40.836333,14.197,1,,,flegrei,earthquake,Automatico
41909,2025-02-16 05:54:06.349,40.824833,14.127333,1,,,flegrei,earthquake,Automatico
41910,2025-02-16 06:16:41.069,40.820333,14.115167,1,,,flegrei,earthquake,Automatico
41911,2025-02-16 06:20:33.39,40.809833,14.106333,1.96,,,flegrei,earthquake,Automatico
41912,2025-02-16 06:25:19.839,40.844833,14.106,1,,,flegrei,earthquake,Automatico
41913,2025-02-16 06:31:42.75,40.6599,14.0841,4.6,,,flegrei,earthquake,Automatico
41914,2025-02-16 06:31:45,40.828167,14.123667,1.73,0.3,0.3,flegrei,earthquake,Rivisto
41915,2025-02-16 06:54:59.369,40.8105,14.171333,1,,,flegrei,earthquake,Automatico
41916,2025-02-16 07:10:03.049,40.815667,14.166333,1,,,flegrei,earthquake,Automatico
41917,2025-02-16 07:59:56.319,40.830667,14.116333,1,,,flegrei,earthquake,Automatico
41918,2025-02-16 08:01:49.529,40.829167,14.143167,0.99,,,flegrei,earthquake,Automatico
41919,2025-02-16 08:01:59.619,40.902167,14.113833,0.02,,,flegrei,earthquake,Automatico
41920,2025-02-16 08:31:38.48,40.815333,14.171167,1,,,flegrei,earthquake,Automatico
41921,2025-02-16 08:33:43.039,40.7918,14.2137,1.32,,,flegrei,earthquake,Automatico
41922,2025-02-16 08:42:49.66,40.858167,14.115833,0.74,,,flegrei,earthquake,Automatico
41923,2025-02-16 08:44:28.559,40.823667,14.150333,0.05,,,flegrei,earthquake,Automatico
41924,2025-02-16 08:57:31.029,40.8288,14.1762,0.64,,,flegrei,earthquake,Automatico
41925,2025-02-16 08:58:12.039,40.6496,14.2732,5.38,,,flegrei,earthquake,Automatico
41926,2025-02-16 08:59:43.799,40.779333,14.141,1.05,,,flegrei,earthquake,Automatico
41927,2025-02-16 09:00:49.68,40.8245,14.141,0.72,0.6,0.3,flegrei,earthquake,Rivisto
41928,2025-02-16 09:02:21.829,40.824,14.144333,0.97,0.3,0.3,flegrei,earthquake,Rivisto
41929,2025-02-16 09:05:42.049,40.821333,14.148667,0.79,,,flegrei,earthquake,Automatico
41930,2025-02-16 09:07:06.619,40.823667,14.146167,0.94,,,flegrei,earthquake,Automatico
41931,2025-02-16 09:07:12.319,40.824667,14.141333,0.83,0.4,0.3,flegrei,earthquake,Rivisto
41932,2025-02-16 09:19:04.269,40.8245,14.139667,1.14,0.2,0.3,flegrei,earthquake,Rivisto
41933,2025-02-16 09:21:02.96,40.821667,14.1455,1.2,,,flegrei,earthquake,Automatico
41934,2025-02-16 09:25:47.94,40.5,13.846167,0.13,,,flegrei,earthquake,Automatico
41935,2025-02-16 09:29:08.18,40.824333,14.142167,0.86,1.2,0.3,flegrei,earthquake,Rivisto
41936,2025-02-16 09:29:31.339,40.836,14.1494,0.5,,,flegrei,earthquake,Automatico
41937,2025-02-16 09:30:11.22,40.8375,14.122667,2.72,0.8,0.3,flegrei,earthquake,Rivisto
41938,2025-02-16 09:31:12.17,40.822667,14.147167,0.94,,,flegrei,earthquake,Automatico
41939,2025-02-16 09:33:57.529,40.810833,14.170667,1,,,flegrei,earthquake,Automatico
41945,2025-02-16 09:34:57.4,40.8245,14.144167,0.9,0.4,0.3,flegrei,earthquake,Rivisto
41940,2025-02-16 09:35:20.539,40.823833,14.143833,1.04,0.5,0.3,flegrei,earthquake,Rivisto
41941,2025-02-16 09:35:47.75,40.822833,14.1495,1.33,,,flegrei,earthquake,Automatico
41942,2025-02-16 09:37:01.619,40.8925,14.2485,0.27,,,flegrei,earthquake,Automatico
41949,2025-02-16 09:37:10.42,40.823,14.143667,1.02,0.4,0.3,flegrei,earthquake,Rivisto
41943,2025-02-16 09:37:34.17,40.822667,14.1505,0.21,,,flegrei,earthquake,Automatico
41944,2025-02-16 09:42:27.339,40.356833,14.096,0.03,,,flegrei,earthquake,Automatico
41946,2025-02-16 09:42:37.25,40.8235,14.144333,1,0.3,0.3,flegrei,earthquake,Rivisto
41951,2025-02-16 09:49:37.99,40.823167,14.140167,1.44,0.2,0.3,flegrei,earthquake,Rivisto
41947,2025-02-16 09:52:00.41,40.823833,14.147167,0.91,0.8,0.3,flegrei,earthquake,Rivisto
41948,2025-02-16 09:53:28.119,40.7799,14.1445,0.37,,,flegrei,earthquake,Automatico
41950,2025-02-16 09:58:09.789,40.823667,14.141333,1.07,0.9,0.3,flegrei,earthquake,Rivisto
41952,2025-02-16 10:29:21.18,40.7157,14.1294,2.94,,,flegrei,earthquake,Automatico
41953,2025-02-16 10:30:44.109,40.822667,14.1365,1.38,0.4,0.3,flegrei,earthquake,Rivisto
41954,2025-02-16 10:38:25.44,40.853833,14.0935,1,,,flegrei,earthquake,Automatico
41955,2025-02-16 10:48:45.39,40.8226,14.082,1.38,,,flegrei,earthquake,Automatico
41956,2025-02-16 11:02:49.819,40.8205,14.1499,0.65,,,flegrei,earthquake,Automatico
41961,2025-02-16 11:14:31.92,40.821,14.094333,2.76,1.2,0.3,flegrei,earthquake,Rivisto
41957,2025-02-16 11:18:46.41,40.818,14.086667,3.03,1.7,0.3,flegrei,earthquake,Rivisto
41958,2025-02-16 11:22:51.22,40.706667,14.0645,0.03,,,flegrei,earthquake,Automatico
41959,2025-02-16 11:26:51.109,40.821333,14.1525,1.46,,,flegrei,earthquake,Automatico
41960,2025-02-16 11:28:03.19,40.8185,14.084333,3.4,1.3,0.3,flegrei,earthquake,Rivisto
41962,2025-02-16 11:44:47.15,40.8747,14.1403,4.3,,,flegrei,earthquake,Automatico
41963,2025-02-16 12:49:34.68,40.821667,14.144,0.09,,,flegrei,earthquake,Automatico
41964,2025-02-16 12:51:24.46,40.8245,14.149333,0.46,,,flegrei,earthquake,Automatico
41965,2025-02-16 12:52:24.309,40.860833,14.085,1,,,flegrei,earthquake,Automatico
41966,2025-02-16 13:10:56.299,40.824167,14.098,1,,,flegrei,earthquake,Automatico
41967,2025-02-16 13:23:29.599,40.833833,14.127667,1.47,0.5,0.3,flegrei,earthquake,Rivisto
41968,2025-02-16 13:49:52.039,40.825,14.0978,1.14,,,flegrei,earthquake,Automatico
41969,2025-02-16 13:54:22.799,40.821667,14.136833,0.96,0.8,0.3,flegrei,earthquake,Rivisto
41970,2025-02-16 13:59:07.44,40.811333,14.120667,1,,,flegrei,earthquake,Automatico
41971,2025-02-16 14:11:31.859,40.824333,14.1485,0.91,0.7,0.3,flegrei,earthquake,Rivisto
41972,2025-02-16 14:14:32.88,40.914833,14.021333,1.05,,,flegrei,earthquake,Automatico
41973,2025-02-16 14:21:17.599,40.826167,14.153667,0.76,0.3,0.3,flegrei,earthquake,Rivisto
41974,2025-02-16 14:29:01.299,40.822833,14.173833,1,,,flegrei,earthquake,Automatico
41975,2025-02-16 14:30:02.63,40.809667,14.105667,2.52,3.9,0.3,flegrei,earthquake,Rivisto
41983,2025-02-16 14:33:08.079,40.825,14.143167,1.26,0.6,0.3,flegrei,earthquake,Rivisto
41976,2025-02-16 14:34:45.68,40.8265,14.143333,0.91,0.5,0.3,flegrei,earthquake,Rivisto
41977,2025-02-16 14:38:44.849,40.8275,14.130333,2.34,0.7,0.3,flegrei,earthquake,Rivisto
41978,2025-02-16 14:39:44.019,40.826,14.140167,0.74,0.9,0.3,flegrei,earthquake,Rivisto
41979,2025-02-16 14:40:14.329,40.811,14.1735,3.31,,,flegrei,earthquake,Automatico
41984,2025-02-16 14:40:28.46,40.825,14.144333,0.7,0.4,0.3,flegrei,earthquake,Rivisto
41980,2025-02-16 14:48:25.72,40.827,14.130167,1.47,0.5,0.3,flegrei,earthquake,Rivisto
41981,2025-02-16 14:50:05.759,40.829167,14.141167,0.68,0.1,0.3,flegrei,earthquake,Rivisto
41982,2025-02-16 14:53:58.67,40.799333,14.112167,0.96,,,flegrei,earthquake,Automatico
41985,2025-02-16 15:16:39.44,40.830833,14.146833,1.95,0.8,0.3,flegrei,earthquake,Rivisto
41993,2025-02-16 15:16:50.109,40.820333,14.141333,2,0.6,0.3,flegrei,earthquake,Rivisto
41986,2025-02-16 15:17:09.4,40.977,14.1909,4.32,,,flegrei,earthquake,Automatico
41994,2025-02-16 15:17:11.93,40.8315,14.140167,1.11,0.4,0.3,flegrei,earthquake,Rivisto
41987,2025-02-16 15:21:09.99,40.9405,13.539667,0.77,,,flegrei,earthquake,Automatico
41995,2025-02-16 15:21:19.769,40.829333,14.1425,1.17,0.5,0.3,flegrei,earthquake,Rivisto
41988,2025-02-16 15:22:21.259,40.828667,14.142333,1.51,1.3,0.3,flegrei,earthquake,Rivisto
41989,2025-02-16 15:28:14.019,40.828,14.146333,1.64,1.4,0.3,flegrei,earthquake,Rivisto
41990,2025-02-16 15:29:32.589,40.831333,14.148833,2.2,1.6,0.3,flegrei,earthquake,Rivisto
41992,2025-02-16 15:30:35.319,40.829667,14.145,1.79,0.6,0.3,flegrei,earthquake,Rivisto
41996,2025-02-16 15:31:19.779,40.827833,14.141167,1.39,0.1,0.3,flegrei,earthquake,Rivisto
41991,2025-02-16 15:35:27.109,40.828667,14.143,1.52,0.7,0.3,flegrei,earthquake,Rivisto
41997,2025-02-16 15:59:30.38,40.83,14.140167,0.75,0.3,0.3,flegrei,earthquake,Rivisto
41998,2025-02-16 16:04:47.349,40.829167,14.136333,1.73,0.7,0.3,flegrei,earthquake,Rivisto
41999,2025-02-16 16:08:01.759,40.656667,14.1,1.02,,,flegrei,earthquake,Automatico
42003,2025-02-16 16:08:05.319,40.827,14.140833,1.32,1.3,0.3,flegrei,earthquake,Rivisto
42000,2025-02-16 16:08:40.069,40.830833,14.127,2.42,0.3,0.3,flegrei,earthquake,Rivisto
42001,2025-02-16 16:12:40.45,40.831,14.129,2.5,0.2,0.3,flegrei,earthquake,Rivisto
42011,2025-02-16 16:13:04.519,40.832333,14.134667,2.64,1.4,0.3,flegrei,earthquake,Rivisto
42002,2025-02-16 16:13:04.97,40.826333,14.129,1,,,flegrei,earthquake,Automatico
42032,2025-02-16 16:13:25.64,40.8315,14.131333,2.91,0.7,0.3,flegrei,earthquake,Rivisto
42004,2025-02-16 16:15:46.049,40.832833,14.131167,2.1,0.1,0.3,flegrei,earthquake,Rivisto
42005,2025-02-16 16:16:04.269,40.834833,14.129167,2.89,0.2,0.3,flegrei,earthquake,Rivisto
42006,2025-02-16 16:16:30.789,40.821667,14.13,1,,,flegrei,earthquake,Automatico
42007,2025-02-16 16:16:49.589,40.83,14.137667,2.49,0.7,0.3,flegrei,earthquake,Rivisto
42036,2025-02-16 16:17:12.579,40.8235,14.148333,0.89,0.4,0.3,flegrei,earthquake,Rivisto
42008,2025-02-16 16:17:59.859,40.828,14.210667,2.76,,,flegrei,earthquake,Automatico
42015,2025-02-16 16:18:00.67,40.831,14.133,2.91,0.3,0.3,flegrei,earthquake,Rivisto
42009,2025-02-16 16:18:31.059,40.8315,14.136,2.48,0.6,0.3,flegrei,earthquake,Rivisto
42010,2025-02-16 16:18:55.599,40.825667,14.131333,2.88,,,flegrei,earthquake,Automatico
42025,2025-02-16 16:19:43.47,40.8325,14.1285,1.82,1.3,0.3,flegrei,earthquake,Rivisto
42037,2025-02-16 16:20:17.17,40.8345,14.128,1.6,0.8,0.3,flegrei,earthquake,Rivisto
42012,2025-02-16 16:21:54.589,40.8315,14.129667,2.14,0.5,0.3,flegrei,earthquake,Rivisto
42013,2025-02-16 16:22:28.369,40.8115,14.1591,0.75,,,flegrei,earthquake,Automatico
42040,2025-02-16 16:23:05.349,40.833167,14.134333,2.67,0.4,0.3,flegrei,earthquake,Rivisto
42014,2025-02-16 16:24:14.21,40.8315,14.137333,2.57,1.2,0.3,flegrei,earthquake,Rivisto
42035,2025-02-16 16:24:31.799,40.8315,14.140167,2.39,0.9,0.3,flegrei,earthquake,Rivisto
42034,2025-02-16 16:24:42.72,40.8305,14.140667,2.3,1,0.3,flegrei,earthquake,Rivisto
42016,2025-02-16 16:25:30.339,40.8238,14.139,1.99,,,flegrei,earthquake,Automatico
42017,2025-02-16 16:25:56.529,40.8575,14.2114,2.07,,,flegrei,earthquake,Automatico
42018,2025-02-16 16:26:53.72,40.825,14.130667,1,,,flegrei,earthquake,Automatico
42019,2025-02-16 16:27:17.65,40.864167,14.160833,1,,,flegrei,earthquake,Automatico
42020,2025-02-16 16:28:03.319,40.731667,14.138,1,,,flegrei,earthquake,Automatico
42021,2025-02-16 16:30:41.95,40.832833,14.130833,2.52,2.7,0.3,flegrei,earthquake,Rivisto
42022,2025-02-16 16:38:29.73,40.797667,14.132167,1,,,flegrei,earthquake,Automatico
42023,2025-02-16 16:39:04.589,40.843333,14.109833,3.09,,,flegrei,earthquake,Automatico
42024,2025-02-16 16:39:55.289,40.829167,14.1355,2,1.2,0.3,flegrei,earthquake,Rivisto
42026,2025-02-16 16:44:36.769,40.837667,14.148833,0.04,,,flegrei,earthquake,Automatico
42027,2025-02-16 16:51:13.97,40.8945,14.1235,0.01,,,flegrei,earthquake,Automatico
42031,2025-02-16 16:51:50.099,40.8315,14.138667,2.18,0.5,0.3,flegrei,earthquake,Rivisto
42028,2025-02-16 16:52:51.18,40.824833,14.149,0.84,0.1,0.3,flegrei,earthquake,Rivisto
42029,2025-02-16 16:55:56.75,40.828167,14.134333,1.82,0.4,0.3,flegrei,earthquake,Rivisto
42030,2025-02-16 16:56:16.45,40.829333,14.132333,1.82,0.1,0.3,flegrei,earthquake,Rivisto
42033,2025-02-16 17:03:29.619,40.850833,14.2535,0.98,,,flegrei,earthquake,Automatico
42038,2025-02-16 17:25:18.21,40.798833,14.118167,1,,,flegrei,earthquake,Automatico
42039,2025-02-16 17:26:37.24,40.7918,14.1137,7.43,,,flegrei,earthquake,Automatico
42041,2025-02-16 17:41:56.799,40.88,14.035333,2.92,,,flegrei,earthquake,Automatico
42042,2025-02-16 18:07:27.49,40.8115,14.1756,0.75,,,flegrei,earthquake,Automatico
42043,2025-02-16 18:27:40.329,40.823667,14.1685,1,,,flegrei,earthquake,Automatico
42044,2025-02-16 18:29:32.029,40.8235,14.145667,0.97,0.5,0.3,flegrei,earthquake,Rivisto
42045,2025-02-16 18:33:34.65,40.823333,14.146833,0.97,0.4,0.3,flegrei,earthquake,Rivisto
42046,2025-02-16 18:35:47.99,40.8025,14.1055,1,,,flegrei,earthquake,Automatico
42047,2025-02-16 18:48:27.69,40.808,14.319,3.3,,,flegrei,earthquake,Automatico
42048,2025-02-16 18:51:00.079,40.8891,14.1599,0.66,,,flegrei,earthquake,Automatico
42049,2025-02-16 19:07:52.509,40.685833,14.361,1.07,,,flegrei,earthquake,Automatico
